bytes,chunks,correctness,count,direction,download_bytes,kind,measured_seconds,median_seconds,p95_seconds,pinned,repeat,samples,total_operations,upload_bytes,variant,workload
1048576,1,PASS,198,H2D,,transfer,5.00044059404172,4.450353537891954e-05,4.465323232359493e-05,True,1,567,112266,,,
,,PASS,24,,2097152,pipeline,15.000169454033312,0.0002795041248949322,0.0002832937084349396,,1,2231,53544,2097152,overlapped,matmul
4194304,1,PASS,95,H2D,,packing,5.013393897963397,0.00016453997890685537,0.00016547629473375548,True,1,319,30305,,,
268435456,1,PASS,3,H2D,,transfer,6.155318652068672,0.010240332167692637,0.0103561220181291,True,1,200,600,,,
,,PASS,24,,2097152,pipeline,15.00263272209122,0.00034845204163502785,0.00035733183346261887,,1,1788,42912,2097152,pinned_serial,matmul
4096,1,PASS,669,D2H,,transfer,5.015114674017241,2.9550521680284766e-05,3.097363169190525e-05,False,1,253,169257,,,
4194304,256,PASS,31,H2D,,packing,5.002208998928836,0.0006661434517516154,0.0006733165160708708,True,1,242,7502,,,
1048576,1,PASS,156,D2H,,transfer,5.020072165018064,0.00014456311859808362,0.00014725065384948557,False,1,222,34632,,,
,,PASS,24,,8388608,pipeline,15.005166889859538,0.001175304041680647,0.001191469562400016,,1,531,12744,16777216,pinned_serial,rmsnorm
4194304,16,PASS,103,H2D,,packing,5.000953234004555,0.00019565190775466866,0.00019677521649833418,True,1,248,25544,,,
4096,1,PASS,1916,H2D,,transfer,5.00072724292113,2.766544362383074e-06,2.7968209830298923e-06,True,1,943,1806788,,,
268435456,1,PASS,3,D2H,,transfer,6.1204608409971115,0.010151632666141571,0.010298415983803958,True,1,200,600,,,
65536,1,PASS,988,H2D,,transfer,5.332953590012039,2.748790232614668e-05,2.7728201368392863e-05,False,1,200,197600,,,
67108864,1,PASS,10,H2D,,transfer,5.135073507015477,0.0025639297502493717,0.0025755682997987603,True,1,200,2000,,,
,,PASS,24,,8388608,pipeline,15.043456524923386,0.003100324708308714,0.003207399666583418,,1,201,4824,16777216,pageable_serial,rmsnorm
67108864,1,PASS,4,D2H,,transfer,6.5119432260107715,0.008102361250166723,0.008391593988471868,False,1,200,800,,,
65536,1,PASS,1659,D2H,,transfer,5.005402301918366,4.1681127188359e-06,4.2131217614984204e-06,True,1,723,1199457,,,
,,PASS,24,,8388608,pipeline,15.006138994962384,0.0008797750415396877,0.000902044566691984,,1,708,16992,16777216,overlapped,rmsnorm
67108864,1,PASS,10,D2H,,transfer,5.08575510999799,0.002540175099784392,0.0025529650997850695,True,1,200,2000,,,
16777216,1,PASS,39,H2D,,transfer,5.030559526952857,0.0006441900127706154,0.0006471772296301937,True,1,200,7800,,,
,,PASS,24,,8388608,pipeline,15.001459754428652,7.92666666408574e-05,8.160416655300651e-05,,1,7852,188448,16777216,resident,rmsnorm
67108864,1,PASS,4,H2D,,transfer,5.9967713340738555,0.007432765125486185,0.00776255731279889,False,1,200,800,,,
4096,1,PASS,2012,D2H,,transfer,5.00460722502612,2.456806162032012e-06,2.498080615529598e-06,True,1,1009,2030108,,,
,,PASS,24,,2097152,pipeline,15.000753900341806,4.983945837011561e-05,5.080712495934373e-05,,1,12498,299952,2097152,resident,matmul
65536,1,PASS,1395,H2D,,transfer,5.003672884093248,4.791512186275995e-06,4.817696774752283e-06,True,1,746,1040670,,,
4096,1,PASS,2102,H2D,,transfer,5.012871852930402,7.040506660045265e-06,7.122525691498824e-06,False,1,344,723088,,,
,,PASS,24,,2097152,pipeline,15.009054772963282,0.0006340189165712218,0.0006494269126354387,,1,983,23592,2097152,pageable_serial,matmul
1048576,1,PASS,366,D2H,,transfer,5.008963880041847,4.2609347002211793e-05,4.280477868697779e-05,True,1,321,117486,,,
16777216,1,PASS,13,D2H,,transfer,5.197766848032188,0.0019901115385716995,0.002048820607832078,False,1,200,2600,,,
268435456,1,PASS,1,H2D,,transfer,6.348668825019558,0.03135668700269889,0.03370012605373631,False,1,200,200,,,
65536,1,PASS,562,D2H,,transfer,5.013963688004878,3.412769483701696e-05,3.7060635233074435e-05,False,1,258,144996,,,
1048576,1,PASS,192,H2D,,transfer,5.002404095044767,0.00010225302342329694,0.00010382841513205675,False,1,254,48768,,,
268435456,1,PASS,1,D2H,,transfer,6.541529624963005,0.032369634998758556,0.03437293550159665,False,1,200,200,,,
16777216,1,PASS,15,H2D,,transfer,5.0003249250221415,0.0016137310999814265,0.001774619533268075,False,1,204,3060,,,
16777216,1,PASS,39,D2H,,transfer,5.004148285937845,0.0006378546923560163,0.0006402854871852562,True,1,201,7839,,,
,,PASS,24,,2097152,pipeline,15.006038303108653,0.00034847393756839057,0.0003548115625411204,,2,1790,42960,2097152,pinned_serial,matmul
67108864,1,PASS,10,H2D,,transfer,5.130341369011148,0.0025635518999479246,0.0025694290354294934,True,2,200,2000,,,
16777216,1,PASS,39,H2D,,transfer,5.026690541999415,0.0006441154231045706,0.0006452877692376765,True,2,200,7800,,,
1048576,1,PASS,216,H2D,,transfer,5.0027195109651075,0.00010204516896313483,0.00010476330555354286,False,2,226,48816,,,
4096,1,PASS,1866,H2D,,transfer,5.002305845984665,2.7166741694204434e-06,2.763444693291925e-06,True,2,985,1838010,,,
,,PASS,24,,2097152,pipeline,15.004980395679013,0.000278770020789428,0.00028420704181068385,,2,2236,53664,2097152,overlapped,matmul
4096,1,PASS,665,D2H,,transfer,5.008141033045831,2.9517123296233665e-05,3.033346494990646e-05,False,2,255,169575,,,
67108864,1,PASS,10,D2H,,transfer,5.087029854097636,0.002540387499902863,0.0025564236899663227,True,2,200,2000,,,
67108864,1,PASS,4,H2D,,transfer,6.019822173926514,0.0074771386262000306,0.0077726207524392524,False,2,200,800,,,
4194304,1,PASS,136,H2D,,packing,5.0118014521867735,0.00016437091915791184,0.00016503017758462673,True,2,224,30464,,,
4194304,16,PASS,105,H2D,,packing,5.011481902052765,0.00019552460476656312,0.0001961340000118417,True,2,244,25620,,,
4096,1,PASS,1880,D2H,,transfer,5.002121576850186,2.474409043219218e-06,2.4999960894885897e-06,True,2,1074,2019120,,,
4194304,256,PASS,31,H2D,,packing,5.004976486932719,0.0006722884356877917,0.0006783237437400291,True,2,240,7440,,,
268435456,1,PASS,1,H2D,,transfer,6.3375457240472315,0.03136101649579359,0.033995563849020985,False,2,200,200,,,
268435456,1,PASS,3,D2H,,transfer,6.099114261058276,0.010149501332004244,0.010262572049638643,True,2,200,600,,,
1048576,1,PASS,473,D2H,,transfer,5.003294666938018,4.257041226959754e-05,4.29831035856067e-05,True,2,248,117304,,,
,,PASS,24,,8388608,pipeline,15.023941768959048,0.0011686289581120946,0.0011811571711101956,,2,535,12840,16777216,pinned_serial,rmsnorm
,,PASS,24,,2097152,pipeline,15.000266694638412,4.982487492573758e-05,5.073737520433497e-05,,2,12503,300072,2097152,resident,matmul
65536,1,PASS,600,D2H,,transfer,5.007807132831658,3.408755499549443e-05,3.5393822584107205e-05,False,2,244,146400,,,
16777216,1,PASS,13,D2H,,transfer,5.202349516795948,0.0019941246153813643,0.002040347711254771,False,2,200,2600,,,
16777216,1,PASS,15,H2D,,transfer,5.020146003953414,0.0016156141005922108,0.0016717875500035007,False,2,206,3090,,,
,,PASS,24,,8388608,pipeline,15.000102620266262,7.91294999847499e-05,8.150816671938325e-05,,2,7869,188856,16777216,resident,rmsnorm
67108864,1,PASS,3,D2H,,transfer,5.013787064948701,0.00818695166769127,0.008465299168407606,False,2,203,609,,,
,,PASS,24,,8388608,pipeline,15.047098646959057,0.0031054893333930522,0.003200748541833794,,2,201,4824,16777216,pageable_serial,rmsnorm
,,PASS,24,,2097152,pipeline,15.00127754501591,0.0006336964373379791,0.0006458201311640247,,2,984,23616,2097152,pageable_serial,matmul
,,PASS,24,,8388608,pipeline,15.020853830108535,0.0008796020835385813,0.0009018201999424491,,2,709,17016,16777216,overlapped,rmsnorm
268435456,1,PASS,1,D2H,,transfer,6.579337860122905,0.03264594549546018,0.03435057099268306,False,2,200,200,,,
268435456,1,PASS,3,H2D,,transfer,6.152360480977222,0.010240679999697022,0.010305932980797176,True,2,200,600,,,
1048576,1,PASS,463,H2D,,transfer,5.002679257086129,4.3373982733584233e-05,4.353103240862384e-05,True,2,249,115287,,,
4096,1,PASS,2067,H2D,,transfer,5.009531211122521,7.036678761335736e-06,7.1290747735520486e-06,False,2,352,727584,,,
16777216,1,PASS,39,D2H,,transfer,5.005560337158386,0.0006379790000396613,0.0006413627434551764,True,2,201,7839,,,
65536,1,PASS,1165,D2H,,transfer,5.004662477935199,4.326943349335023e-06,4.37253257239741e-06,True,2,992,1155680,,,
1048576,1,PASS,155,D2H,,transfer,5.0045475260703824,0.00014409327094683482,0.00015002039158829456,False,2,223,34565,,,
65536,1,PASS,821,H2D,,transfer,5.0102787879732205,2.7498744210357643e-05,2.7721306210838655e-05,False,2,225,184725,,,
65536,1,PASS,1441,H2D,,transfer,5.006408168061171,4.765370575191504e-06,4.809113358194138e-06,True,2,728,1049048,,,
268435456,1,PASS,3,D2H,,transfer,6.094544653999037,0.010146864665633379,0.010213535866690411,True,3,200,600,,,
268435456,1,PASS,1,H2D,,transfer,6.326221029055887,0.031214495000313036,0.034040172956156314,False,3,200,200,,,
4194304,1,PASS,107,H2D,,packing,5.004506217039307,0.00016437943924977835,0.00016520674493834028,True,3,284,30388,,,
65536,1,PASS,646,D2H,,transfer,5.012412094234605,3.428015324605006e-05,3.5721952636796845e-05,False,3,225,145350,,,
4096,1,PASS,1793,D2H,,transfer,5.0002341871731915,2.4250953719778247e-06,2.48199818951659e-06,True,3,1146,2054778,,,
,,PASS,24,,2097152,pipeline,15.002852821329725,0.0006330238332642087,0.0006485061250714352,,3,985,23640,2097152,pageable_serial,matmul
4194304,16,PASS,91,H2D,,packing,5.009836870114668,0.0001964343131736054,0.00019718223142023146,True,3,280,25480,,,
4096,1,PASS,1898,H2D,,transfer,5.002834748913301,2.7472078545351224e-06,2.776030719556745e-06,True,3,958,1818284,,,
16777216,1,PASS,39,H2D,,transfer,5.027205955062527,0.0006441296666311339,0.0006454579283084828,True,3,200,7800,,,
16777216,1,PASS,39,D2H,,transfer,5.004808617028175,0.000637906589709485,0.0006403497950836587,True,3,201,7839,,,
1048576,1,PASS,354,H2D,,transfer,5.008447631000308,4.3724086144669404e-05,4.4592847318538476e-05,True,3,322,113988,,,
67108864,1,PASS,10,D2H,,transfer,5.083668306149775,0.002539763350068824,0.0025486092046048724,True,3,200,2000,,,
,,PASS,24,,2097152,pipeline,15.000197172237677,4.9837416251345225e-05,5.085413537623632e-05,,3,12496,299904,2097152,resident,matmul
,,PASS,24,,2097152,pipeline,15.006320519227302,0.0002787923337261115,0.00028439205804412876,,3,2233,53592,2097152,overlapped,matmul
16777216,1,PASS,13,D2H,,transfer,5.198355399901629,0.0019915527697706307,0.002048480719251809,False,3,200,2600,,,
,,PASS,24,,8388608,pipeline,15.072657673998037,0.0031087877080911617,0.0032149340834924565,,3,201,4824,16777216,pageable_serial,rmsnorm
4194304,256,PASS,30,H2D,,packing,5.006075216137106,0.0006804436166324497,0.0006955522153293714,True,3,244,7320,,,
67108864,1,PASS,10,H2D,,transfer,5.134095389963477,0.0025642462504038123,0.002578499505543732,True,3,200,2000,,,
16777216,1,PASS,15,H2D,,transfer,5.007966766090249,0.0016126072664822762,0.0016589546830800828,False,3,206,3090,,,
,,PASS,24,,2097152,pipeline,15.006406802378478,0.0003482372497577065,0.0003538766874650416,,3,1791,42984,2097152,pinned_serial,matmul
,,PASS,24,,8388608,pipeline,15.002035542041995,0.0008798033747249671,0.0009008342498721808,,3,708,16992,16777216,overlapped,rmsnorm
65536,1,PASS,1423,H2D,,transfer,5.004937692880048,4.776881936789004e-06,4.809053616739943e-06,True,3,735,1045905,,,
4096,1,PASS,726,D2H,,transfer,5.015111498098122,2.9508856068010577e-05,3.0335346692424206e-05,False,3,234,169884,,,
4096,1,PASS,1973,H2D,,transfer,5.003153927056701,7.043679168877875e-06,7.137247490373502e-06,False,3,367,724091,,,
1048576,1,PASS,197,H2D,,transfer,5.016617078988929,0.00010192070561425694,0.00010441616648834123,False,3,249,49053,,,
67108864,1,PASS,4,D2H,,transfer,6.557757152942941,0.008152598626111285,0.008481691472297825,False,3,200,800,,,
,,PASS,24,,8388608,pipeline,15.000424034398748,7.912491673778277e-05,8.133477728430686e-05,,3,7874,188976,16777216,resident,rmsnorm
268435456,1,PASS,1,D2H,,transfer,6.561956932069734,0.032569714494457,0.03405834240329568,False,3,200,200,,,
1048576,1,PASS,355,D2H,,transfer,5.0108070559072075,4.2693611254102326e-05,4.322188168528005e-05,True,3,330,117150,,,
268435456,1,PASS,3,H2D,,transfer,6.149502081840183,0.010239005666032122,0.010299469982419396,True,3,200,600,,,
,,PASS,24,,8388608,pipeline,15.022089443984441,0.001168836041567071,0.0011776053250893406,,3,535,12840,16777216,pinned_serial,rmsnorm
1048576,1,PASS,155,D2H,,transfer,5.000539503176697,0.00014304323872971919,0.00015081864606115907,False,3,224,34720,,,
65536,1,PASS,764,H2D,,transfer,5.019331820149091,2.7497803018439356e-05,2.7781429244034696e-05,False,3,242,184888,,,
67108864,1,PASS,4,H2D,,transfer,6.00111400494643,0.0074502573734207544,0.00786944748433598,False,3,200,800,,,
65536,1,PASS,1467,D2H,,transfer,5.000573939003516,4.224194617749617e-06,4.2712958443093464e-06,True,3,806,1182402,,,
