variant,mode,profile,concurrency,rep,output_tok_s,mean_ttft_ms,mean_tpot_ms,p95_chunk_gap_ms
replicas4k,replicas,32k,16,1,56.701945343941155,17986.39803135302,135.66156799628172,623.4505360480398
replicas4k,replicas,32k,16,2,56.65949807513126,17985.27193418704,135.7383261802313,624.9011900741607
replicas4k,replicas,32k,16,3,56.64961124936135,17988.304254424293,135.7320235757062,623.5909968614578
replicas4k,replicas,mixed,16,1,89.42889973758228,8990.699084301013,74.8883615363404,492.8238199558109
replicas4k,replicas,mixed,16,2,108.30473218501749,8251.905235636514,80.62708159169827,523.3211431186646
replicas4k,replicas,mixed,16,3,106.20989953449683,9480.021961731836,73.58222501444095,499.12287071347237
pd4k,pd,32k,16,1,32.76858560079719,32797.66355606262,13.84091868860955,14.22976921312511
pd4k,pd,32k,16,2,32.77435074231301,32785.19006440183,13.838753993366295,14.231445593759418
pd4k,pd,32k,16,3,32.728288441691866,32824.287978350185,13.830463743427636,14.310797676444054
pd4k,pd,mixed,16,1,61.90141984290751,13428.967997955624,16.327968689495712,20.70344127714634
pd4k,pd,mixed,16,2,61.78258816068905,15315.098867111374,16.318487617605197,20.70028418675065
pd4k,pd,mixed,16,3,61.73172298351964,15340.388195181731,16.327817447659537,20.70670290850103
kv128,pd,32k,16,1,33.49881554905911,31738.31075965427,13.856172134025448,14.310672413557768
kv128,pd,32k,16,2,33.50699712643195,31751.190309005324,13.860977977591267,14.252819353714584
kv128,pd,32k,16,3,33.504839876389354,31728.259435505606,13.857240201520375,14.253628673031926
kv128,pd,mixed,16,1,63.86911153307048,14485.579464177135,15.89451293327193,20.083475904539227
kv128,pd,mixed,16,2,63.83671951417083,14491.84000166133,15.859473205178858,20.085117174312472
kv128,pd,mixed,16,3,63.84280780276956,14498.405632795766,15.852999565462897,20.077529223635793
kv128replicas,replicas,32k,16,1,57.15238897661057,17832.778184849303,134.22582759778567,614.4590834155679
kv128replicas,replicas,32k,16,2,57.17290905458144,17827.393060259055,134.28680615693946,615.8804310951382
kv128replicas,replicas,32k,16,3,57.20530024843569,17819.944395218045,134.31365408303992,616.9927563983947
kv128replicas,replicas,mixed,16,1,108.20262564339248,9346.545325417537,72.32542976958852,481.1410101130596
kv128replicas,replicas,mixed,16,2,107.75863147517623,9600.365087389946,70.67716955005623,473.04135193116963
kv128replicas,replicas,mixed,16,3,88.99426289569408,9827.023758378346,69.71650131231937,479.0293127298355
prefill16k,pd,32k,16,1,34.31711611888694,30960.622431186493,13.85035437089941,14.461914217099547
prefill16k,pd,32k,16,2,34.34888590029386,30915.060776111204,13.831006771862858,14.54730648547411
prefill16k,pd,32k,16,3,34.3362247474658,30935.35566458013,13.838154190461935,14.433672744780779
prefill16k,pd,mixed,16,1,65.32345653488062,13015.628421329893,14.409066555566909,20.043833227828145
prefill16k,pd,mixed,16,2,65.2649274034924,14298.152342729736,14.370910005229636,20.034016110002995
prefill16k,pd,mixed,16,3,65.2666474536154,13034.874195000157,14.371294798659468,20.023329369723797
batch16k,replicas,32k,16,1,60.799036586807915,17505.252405186184,123.48714332173277,107.1036203764379
batch16k,replicas,32k,16,2,60.787155150924086,17516.332258761395,123.5744040697725,109.09442910924554
batch16k,replicas,32k,16,3,60.81461091630599,17511.22160028899,123.51108830253499,107.17722671106456
batch16k,replicas,mixed,16,1,112.29993114395647,9684.617108723614,65.49822917578405,27.371021965518587
batch16k,replicas,mixed,16,2,93.22140434832811,9793.319146323483,65.34117539816602,27.618760010227557
batch16k,replicas,mixed,16,3,92.79145129182781,9269.78345430689,69.6655467980336,28.707191394641992
batch1k,replicas,32k,16,1,48.11408957309402,21745.984825654887,116.74752631719686,196.76235197111964
batch1k,replicas,32k,16,2,48.10823802837757,21742.994928208645,116.72203006739838,196.56006242148578
batch1k,replicas,32k,16,3,48.130106842854644,21721.61260084249,116.71252653376735,196.16145188920197
batch1k,replicas,mixed,16,1,64.52726804436747,10874.019165174104,73.46421371875917,187.4675116036086
batch1k,replicas,mixed,16,2,94.02969572497872,11412.58585761534,73.95005782866322,185.5461960658431
batch1k,replicas,mixed,16,3,76.62773155668336,10022.455659054685,83.93115847917845,187.71637580357492
balanced,replicas,32k,16,1,57.16860458377529,17817.063149705064,134.21885076200766,615.3025120031089
balanced,replicas,32k,16,2,57.19454861852488,17823.24702385813,134.25174175933972,615.9510144032538
balanced,replicas,32k,16,3,57.16900938305834,17819.80262818979,134.33959035846354,615.7656352035701
balanced,replicas,mixed,16,1,107.44947443980053,9359.987712930888,72.617073494787,489.14100625551856
balanced,replicas,mixed,16,2,107.91819727365667,10090.020622301381,66.96738864617848,457.2654926683754
balanced,replicas,mixed,16,3,107.5657140312053,9357.1531601483,72.53915424995843,490.37096579558704
