run,case,metric,method,p50_us,p95_us,min_us,max_us,rounds,speedup,ci95_low,ci95_high
run1,bfloat16-1x1024,graph_gpu,eager,10.040000081062317,10.048287641257048,10.03200002014637,10.05600020289421,40,1,1,1
run1,bfloat16-1x1024,graph_gpu,compiled,0.9200000204145908,0.9200000204145908,0.9120000177063048,0.9200000204145908,40,10.913043324214133,10.913043324214133,11.008771804975492
run1,bfloat16-1x1024,wall,eager,78.075015625,80.41562499999999,76.00625,82.621875,40,1,1,1
run1,bfloat16-1x1024,wall,compiled,73.7125,76.088125,71.615625,76.58125,40,1.059182847210446,1.0449508405417878,1.070577724836212
run1,bfloat16-1x4096,graph_gpu,eager,11.606874875724316,11.616387497633696,11.535749770700932,11.656000278890133,40,1,1,1
run1,bfloat16-1x4096,graph_gpu,compiled,1.4400000218302011,1.4403125212993473,1.4319999609142542,1.4467500150203705,40,8.060329652615067,8.055555330988966,8.061110928763041
run1,bfloat16-1x4096,wall,eager,76.41717187500001,79.78671718749999,74.77496875,85.26875,40,1,1,1
run1,bfloat16-1x4096,wall,compiled,71.859359375,74.86434531249999,68.90625,79.8125,40,1.0634268457114255,1.0520087695902216,1.070158719240175
run1,bfloat16-32x1024,graph_gpu,eager,13.088000006973743,13.11608706600964,13.078000396490097,13.393750414252281,40,1,1,1
run1,bfloat16-32x1024,graph_gpu,compiled,1.1439999798312783,1.1439999798312783,1.1360000353306532,1.1439999798312783,40,11.440559648352453,11.438811383261328,11.448064410128952
run1,bfloat16-32x1024,wall,eager,77.1359375,79.581875,75.95,80.45625,40,1,1,1
run1,bfloat16-32x1024,wall,compiled,71.1171875,73.06687499999998,69.4375,81.5375,40,1.0846314401845545,1.080893648773208,1.0901563305336581
run1,bfloat16-32x4096,graph_gpu,eager,16.224000602960587,16.298399306833744,16.208000481128693,16.56150072813034,40,1,1,1
run1,bfloat16-32x4096,graph_gpu,compiled,1.5360000543296337,1.5360000543296337,1.5279999934136868,1.5417500399053097,40,10.562500018947805,10.562418164427541,10.566650346290096
run1,bfloat16-32x4096,wall,eager,77.6625,79.27593749999998,76.334375,81.6625,40,1,1,1
run1,bfloat16-32x4096,wall,compiled,71.30156249999999,72.74953125,69.64375,73.7,40,1.0892117546512394,1.0815967152696073,1.0967664962881645
run1,bfloat16-512x1024,graph_gpu,eager,20.447999238967896,20.473500341176987,20.431999117136,21.60000056028366,40,1,1,1
run1,bfloat16-512x1024,graph_gpu,compiled,2.4319998919963837,2.447050006594509,2.4160000029951334,2.4480000138282776,40,8.40789479730713,8.381615786702744,8.410670383787634
run1,bfloat16-512x1024,wall,eager,79.91564062500001,84.33484375,78.153125,92.92815625,40,1,1,1
run1,bfloat16-512x1024,wall,compiled,72.5328125,81.88718749999995,69.64065625,125.47503125,40,1.1017860451088948,1.0852620320855615,1.1168148571627068
run1,bfloat16-512x4096,graph_gpu,eager,52.65999957919121,53.476401045918465,51.46399885416031,53.63199859857559,40,1,1,1
run1,bfloat16-512x4096,graph_gpu,compiled,5.824000108987093,5.961200199089944,5.7760002091526985,6.127499975264072,40,9.041895362936353,8.99180321611646,9.070248068062876
run1,bfloat16-512x4096,wall,eager,80.5875,84.0025,78.90625,94.578125,40,1,1,1
run1,bfloat16-512x4096,wall,compiled,72.6015625,77.51140625,70.734375,97.53753125,40,1.1099967717636932,1.097007603868028,1.1228314246120545
run1,bfloat16-4096x1024,graph_gpu,eager,182.12799727916718,184.66434478759766,182.00799822807312,186.95999681949615,40,1,1,1
run1,bfloat16-4096x1024,graph_gpu,compiled,36.695998162031174,36.78400069475174,36.215998232364655,36.80000081658363,40,4.963156921770626,4.962285088473111,4.96511905427812
run1,bfloat16-4096x1024,wall,eager,191.84840624999998,196.2757203125,189.62496875,198.58121875,40,1,1,1
run1,bfloat16-4096x1024,wall,compiled,73.765625,110.84575156249998,70.93746875,120.14996875,40,2.600783308621055,2.5773687040224766,2.6338688531590972
run1,bfloat16-4096x4096,graph_gpu,eager,1692.41601228714,1712.440425157547,1691.2000179290771,1716.1040306091309,40,1,1,1
run1,bfloat16-4096x4096,graph_gpu,compiled,222.89599478244781,225.23760497570038,221.50400280952454,225.67999362945557,40,7.592850710211196,7.587101171332222,7.622554152049541
run1,bfloat16-4096x4096,wall,eager,1710.9610625,1735.4896546875,1705.800125,1739.79075,40,1,1,1
run1,bfloat16-4096x4096,wall,compiled,250.63128125,255.88221875,244.525,256.50315625,40,6.8266062159788765,6.8049110063558,6.901822709699735
run1,float32-1x1024,graph_gpu,eager,6.256000138819218,6.872000172734261,6.240000016987324,6.87999976798892,40,1,1,1
run1,float32-1x1024,graph_gpu,compiled,0.9818749967962503,1.07999995816499,0.9757499792613089,1.07999995816499,40,6.371483293934417,6.364191169347456,6.537815896874147
run1,float32-1x1024,wall,eager,54.4671875,56.41734375,52.54375,69.73125,40,1,1,1
run1,float32-1x1024,wall,compiled,72.0984375,75.42374999999998,69.40628125,85.315625,40,0.7554558654617168,0.7452707955428867,0.7691463682247093
run1,float32-1x4096,graph_gpu,eager,6.6720000468194485,6.686749868094921,6.6639999859035015,6.688000168651342,40,1,1,1
run1,float32-1x4096,graph_gpu,compiled,1.5999999595806003,1.6003999626263976,1.5920000150799751,1.925750053487718,40,4.170000134605219,4.170000134605219,4.170325867944949
run1,float32-1x4096,wall,eager,54.1375,55.6390625,52.85,57.10625,40,1,1,1
run1,float32-1x4096,wall,compiled,71.46562499999999,73.03328124999999,69.809375,73.346875,40,0.7575320302593032,0.746864401478467,0.7675700606167092
run1,float32-32x1024,graph_gpu,eager,8.775999769568443,8.784399833530188,8.767999708652496,9.105750359594822,40,1,1,1
run1,float32-32x1024,graph_gpu,compiled,1.2240000069141388,1.2315124506130815,1.2159999459981918,1.231999951414764,40,7.16993441176023,7.16993441176023,7.16993441176023
run1,float32-32x1024,wall,eager,54.9,58.2003140625,52.85940625,66.575,40,1,1,1
run1,float32-32x1024,wall,compiled,73.2515625,80.72999999999999,71.475,86.071875,40,0.7494720675753502,0.7344806022908592,0.7613853727294017
run1,float32-32x4096,graph_gpu,eager,11.998250149190426,12.008000165224075,11.983999982476234,12.014999985694885,40,1,1,1
run1,float32-32x4096,graph_gpu,compiled,1.9359999569132924,1.9440000178292394,1.9280000124126673,1.9440000178292394,40,6.197443396806745,6.194215036301918,6.198347299263691
run1,float32-32x4096,wall,eager,55.225,56.994843749999994,53.553125,57.253125,40,1,1,1
run1,float32-32x4096,wall,compiled,71.7828125,75.22687499999999,70.06875,79.846875,40,0.7693345813108117,0.7601987899740709,0.7761813603557813
run1,float32-512x1024,graph_gpu,eager,16.7432501912117,16.77501332014799,15.150999650359154,16.783999279141426,40,1,1,1
run1,float32-512x1024,graph_gpu,compiled,3.911999985575676,3.936400171369314,3.5600000992417336,3.944000229239464,40,4.279971946049949,4.276619781792516,4.288742447317294
run1,float32-512x1024,wall,eager,55.425,68.2065640625,53.509375,79.353125,40,1,1,1
run1,float32-512x1024,wall,compiled,72.6078125,75.38968750000001,70.321875,114.43753125,40,0.7633476080828079,0.7526754582287671,0.7725837837837838
run1,float32-512x4096,graph_gpu,eager,41.84399917721748,41.96680095046759,41.48000106215477,42.15199872851372,40,1,1,1
run1,float32-512x4096,graph_gpu,compiled,12.732000090181828,12.817424628883598,12.648000381886959,13.895999640226364,40,3.28652206101421,3.2850409019487383,3.2906573829322907
run1,float32-512x4096,wall,eager,58.265625,60.9253125,55.6125,62.803125,40,1,1,1
run1,float32-512x4096,wall,compiled,73.04218750000001,76.26578125,70.784375,77.19065625,40,0.7976982480159154,0.7875254703520234,0.8092941066857486
run1,float32-4096x1024,graph_gpu,eager,185.8920007944107,188.6926956474781,185.72799861431122,190.51200151443481,40,1,1,1
run1,float32-4096x1024,graph_gpu,compiled,99.76799786090851,99.84040036797523,99.57599639892578,99.88000243902206,40,1.8632427710293629,1.8625138387463722,1.86367289065078
run1,float32-4096x1024,wall,eager,197.95626562500001,199.9754984375,196.14690625,201.4125,40,1,1,1
run1,float32-4096x1024,wall,compiled,117.35,119.76765625,115.39375,120.69378125,40,1.6868876491265448,1.67874755595076,1.6923015165847173
run1,float32-4096x4096,graph_gpu,eager,1470.6079959869385,1486.5375578403473,1469.6719646453857,1488.9839887619019,40,1,1,1
run1,float32-4096x4096,graph_gpu,compiled,452.45999097824097,453.85159999132156,451.4879882335663,454.52800393104553,40,3.2502498017723314,3.249144766064995,3.257178943368988
run1,float32-4096x4096,wall,eager,1484.1374531249999,1504.0305265625,1480.38740625,1505.24384375,40,1,1,1
run1,float32-4096x4096,wall,compiled,472.28903125,479.0437015625,466.89996875,482.21875,40,3.1424347273044995,3.1270669192285396,3.151045018491702
run2,bfloat16-1x1024,graph_gpu,eager,10.03200002014637,10.040000081062317,10.023999959230423,10.048000141978264,40,1,1,1
run2,bfloat16-1x1024,graph_gpu,compiled,0.9120000177063048,0.9200000204145908,0.9120000177063048,0.9200000204145908,40,10.999999808527434,10.998903053674674,10.999999808527434
run2,bfloat16-1x1024,wall,eager,78.695328125,85.9137515625,75.671875,100.21253125,40,1,1,1
run2,bfloat16-1x1024,wall,compiled,73.353125,78.8521875,69.8625,80.290625,40,1.0728285689941635,1.0597239626233377,1.0984595990452106
run2,bfloat16-1x4096,graph_gpu,eager,10.544000193476677,10.56000031530857,10.53600013256073,10.56000031530857,40,1,1,1
run2,bfloat16-1x4096,graph_gpu,compiled,1.3119999784976244,1.3200000394135714,1.3119999784976244,1.3200000394135714,40,8.036585645032286,8.036585645032286,8.042683252537667
run2,bfloat16-1x4096,wall,eager,75.646875,83.288125,73.74375,90.928125,40,1,1,1
run2,bfloat16-1x4096,wall,compiled,70.2328125,73.04249999999998,68.67190625,93.184375,40,1.0770873656811053,1.0682678448808405,1.0878744651126633
run2,bfloat16-32x1024,graph_gpu,eager,12.016000226140022,12.02400028705597,12.00725045055151,12.302500195801258,40,1,1,1
run2,bfloat16-32x1024,graph_gpu,compiled,1.0479999473318458,1.0479999473318458,1.0400000028312206,1.054750056937337,40,11.465649646960522,11.465649646960522,11.471122552721974
run2,bfloat16-32x1024,wall,eager,76.72967187500001,78.2676265625,75.35,86.64059375,40,1,1,1
run2,bfloat16-32x1024,wall,compiled,70.096875,71.7442171875,68.19375,72.86559375,40,1.094623289197985,1.0821508120124774,1.1027966330970265
run2,bfloat16-32x4096,graph_gpu,eager,16.24000072479248,16.29633679986,16.21600054204464,16.681749373674393,40,1,1,1
run2,bfloat16-32x4096,graph_gpu,compiled,1.5342500410042703,1.5360000543296337,1.526750042103231,1.5360000543296337,40,10.5849765623355,10.572265566380226,10.643979087907283
run2,bfloat16-32x4096,wall,eager,78.5421875,79.4003125,77.171875,84.190625,40,1,1,1
run2,bfloat16-32x4096,wall,compiled,69.4953125,70.69546875,67.99690625,71.678125,40,1.1301796434112013,1.1229795225978574,1.1374210721652216
run2,bfloat16-512x1024,graph_gpu,eager,20.416000857949257,20.431999117136,20.400000736117363,20.43999917805195,40,1,1,1
run2,bfloat16-512x1024,graph_gpu,compiled,2.4240000639110804,2.4399999529123306,2.41499999538064,2.4399999529123306,40,8.422442376098129,8.394737567685556,8.425742731174457
run2,bfloat16-512x1024,wall,eager,79.53593749999999,82.2920609375,77.790625,84.453125,40,1,1,1
run2,bfloat16-512x1024,wall,compiled,71.7875,76.23328124999999,70.24375,79.259375,40,1.1079357478669685,1.101025590603494,1.1160067666941318
run2,bfloat16-512x4096,graph_gpu,eager,52.480001002550125,53.4404007717967,51.4880008995533,55.2080012857914,40,1,1,1
run2,bfloat16-512x4096,graph_gpu,compiled,5.803999956697226,5.96040019299835,5.768000148236752,6.13874988630414,40,9.042040212628455,8.986319844951192,9.061464316652899
run2,bfloat16-512x4096,wall,eager,81.2890625,85.99203125,78.540625,90.5125,40,1,1,1
run2,bfloat16-512x4096,wall,compiled,73.359390625,75.75265625,71.16875,76.94375,40,1.108093480704264,1.102219824082547,1.1194437136095727
run2,bfloat16-4096x1024,graph_gpu,eager,182.156004011631,184.57840457558632,181.99999630451202,184.6960037946701,40,1,1,1
run2,bfloat16-4096x1024,graph_gpu,compiled,36.695998162031174,36.73119843006134,36.22400015592575,36.80000081658363,40,4.963920131217612,4.962401910956996,4.96642964055674
run2,bfloat16-4096x1024,wall,eager,191.1015625,195.28187499999999,189.91875,197.3625,40,1,1,1
run2,bfloat16-4096x1024,wall,compiled,72.0515625,78.4407828125,70.5625,79.7875,40,2.6522889423806735,2.6185051699382824,2.6643957542214394
run2,bfloat16-4096x4096,graph_gpu,eager,1692.632019519806,1712.3764216899872,1690.9600496292114,1716.8320417404175,40,1,1,1
run2,bfloat16-4096x4096,graph_gpu,compiled,222.88800030946732,224.95999410748482,221.68800234794617,225.47200322151184,40,7.594092177100977,7.586251238901882,7.631215409139369
run2,bfloat16-4096x4096,wall,eager,1711.9813125,1733.1319671875,1705.31884375,1734.8094375,40,1,1,1
run2,bfloat16-4096x4096,wall,compiled,250.56875,253.99046875,245.09375,256.01878125,40,6.832381581901175,6.813215853552374,6.85327653726005
run2,float32-1x1024,graph_gpu,eager,6.240000016987324,6.248362571932375,6.238000001758337,6.59599993377924,40,1,1,1
run2,float32-1x1024,graph_gpu,compiled,0.9759999811649323,0.9763124806340784,0.9679999784566462,0.9835000382736325,40,6.393442763737962,6.393442763737962,6.39638845312661
run2,float32-1x1024,wall,eager,54.412515625,58.31921874999999,52.609375,68.1625,40,1,1,1
run2,float32-1x1024,wall,compiled,73.1796875,76.3565625,70.434375,82.153125,40,0.7435467065228996,0.7322655426765016,0.7583454762632558
run2,float32-1x4096,graph_gpu,eager,6.667375098913908,6.680000107735395,6.6559999249875546,6.680000107735395,40,1,1,1
run2,float32-1x4096,graph_gpu,compiled,1.5999999595806003,1.600287458859384,1.5920000150799751,1.9232500344514847,40,4.167109542091234,4.165000096406441,4.170000134605219
run2,float32-1x4096,wall,eager,53.048437500000006,57.6195296875,51.79059375,58.825,40,1,1,1
run2,float32-1x4096,wall,compiled,69.735921875,75.5391875,67.82809375,77.41875,40,0.7607046135431905,0.7504388520599286,0.7695149334579793
run2,float32-32x1024,graph_gpu,eager,7.919999770820141,7.9840002581477165,7.903999648988247,8.333000354468822,40,1,1,1
run2,float32-32x1024,graph_gpu,compiled,1.1119999689981341,1.1182874615769833,1.1099999537691474,1.120000029914081,40,7.1223021507417235,7.11791815060437,7.1223021507417235
run2,float32-32x1024,wall,eager,54.6328125,62.04796874999995,52.4125,80.96875,40,1,1,1
run2,float32-32x1024,wall,compiled,72.025,77.015625,69.25,80.628125,40,0.758525685525859,0.7418345095975999,0.7684380852052511
run2,float32-32x4096,graph_gpu,eager,12.000000104308128,12.016000226140022,11.983999982476234,12.02400028705597,40,1,1,1
run2,float32-32x4096,graph_gpu,compiled,1.9280000124126673,1.9359999569132924,1.9199999514967203,1.943000010214746,40,6.224066404072024,6.223871734468729,6.224066404072024
run2,float32-32x4096,wall,eager,55.099999999999994,57.58890625,54.090625,58.853125,40,1,1,1
run2,float32-32x4096,wall,compiled,72.4328125,76.3198734375,70.90625,78.659375,40,0.7607049636516598,0.7524985248296734,0.7701930571575122
run2,float32-512x1024,graph_gpu,eager,16.704000532627106,16.743687726557255,15.143999829888344,18.333999440073967,40,1,1,1
run2,float32-512x1024,graph_gpu,compiled,3.8960000965744257,3.9265627041459084,3.5500000230968,3.92800010740757,40,4.2874743630818095,4.241071441912231,4.294238765068194
run2,float32-512x1024,wall,eager,55.059375,56.964532812499996,53.74375,58.540625,40,1,1,1
run2,float32-512x1024,wall,compiled,71.789078125,74.87078125,69.65625,76.890625,40,0.7669603293154142,0.7534517925209472,0.7721291558061371
run2,float32-512x4096,graph_gpu,eager,41.75199940800667,41.967200860381126,41.44800081849098,42.16799885034561,40,1,1,1
run2,float32-512x4096,graph_gpu,compiled,12.69999984651804,12.82439986243844,12.632000260055065,13.301249593496323,40,3.28755904823525,3.284634878148052,3.2919294085661126
run2,float32-512x4096,wall,eager,58.16875,61.854375,56.0875,64.51875,40,1,1,1
run2,float32-512x4096,wall,compiled,72.59375,75.1139359375,70.46875,80.98125,40,0.8012914334911753,0.7912360130751518,0.8084019989626292
run2,float32-4096x1024,graph_gpu,eager,185.7919991016388,186.04560419917107,185.56000292301178,188.6737495660782,40,1,1,1
run2,float32-4096x1024,graph_gpu,compiled,99.76000338792801,99.90960210561752,99.56000000238419,101.15200281143188,40,1.8623896631114343,1.8618504824029916,1.8629071595353348
run2,float32-4096x1024,wall,eager,197.6296875,201.65362343750002,196.0875,203.828125,40,1,1,1
run2,float32-4096x1024,wall,compiled,118.464078125,125.191875,116.35,126.89375,40,1.6682667913176739,1.6572900447362402,1.6811064059263243
run2,float32-4096x4096,graph_gpu,eager,1471.0000157356262,1487.8975689411163,1469.1840410232544,1489.143967628479,40,1,1,1
run2,float32-4096x4096,graph_gpu,compiled,452.3160010576248,452.8792083263397,451.6879916191101,454.0959894657135,40,3.2521511781499446,3.2502230973576243,3.2585906347185545
run2,float32-4096x4096,wall,eager,1483.8734843749999,1502.6528453125002,1481.5000625,1507.74378125,40,1,1,1
run2,float32-4096x4096,wall,compiled,471.55778125,476.47081249999997,464.83115625,477.64378125,40,3.1467479561922715,3.1381755874952066,3.156238901571969
