timestamp, temperature.gpu, power.draw [W], clocks.current.sm [MHz], clocks.current.memory [MHz], memory.used [MiB], utilization.gpu [%], clocks_event_reasons.active
2026/09/07 17:57:52.055, 46, 35.81 W, 2520 MHz, 10501 MHz, 943 MiB, 5 %, 0x0000000000000001
2026/09/07 17:57:54.125, 46, 35.88 W, 2520 MHz, 10501 MHz, 763 MiB, 2 %, 0x0000000000000001
2026/09/07 17:57:56.162, 46, 34.61 W, 2520 MHz, 10501 MHz, 755 MiB, 3 %, 0x0000000000000001
2026/09/07 17:57:58.206, 46, 34.73 W, 2520 MHz, 10501 MHz, 775 MiB, 0 %, 0x0000000000000001
2026/09/07 17:58:00.252, 46, 34.93 W, 2520 MHz, 10251 MHz, 5583 MiB, 1 %, 0x0000000000000001
2026/09/07 17:58:02.300, 46, 34.40 W, 2520 MHz, 10251 MHz, 5483 MiB, 1 %, 0x0000000000000001
2026/09/07 17:58:04.357, 47, 34.29 W, 2520 MHz, 10251 MHz, 5488 MiB, 2 %, 0x0000000000000001
2026/09/07 17:58:06.411, 47, 34.46 W, 2520 MHz, 10251 MHz, 5488 MiB, 3 %, 0x0000000000000001
2026/09/07 17:58:08.465, 47, 34.43 W, 2520 MHz, 10251 MHz, 5469 MiB, 1 %, 0x0000000000000001
2026/09/07 17:58:09.986, 47, 34.46 W, 2520 MHz, 10251 MHz, 5469 MiB, 2 %, 0x0000000000000001
2026/09/07 17:58:12.029, 48, 34.56 W, 2520 MHz, 10251 MHz, 5469 MiB, 3 %, 0x0000000000000001
2026/09/07 17:58:14.065, 48, 37.08 W, 2520 MHz, 10251 MHz, 9105 MiB, 3 %, 0x0000000000000001
2026/09/07 17:58:16.099, 48, 34.74 W, 2520 MHz, 10251 MHz, 9105 MiB, 3 %, 0x0000000000000001
2026/09/07 17:58:18.133, 48, 37.64 W, 2520 MHz, 10251 MHz, 9640 MiB, 2 %, 0x0000000000000001
2026/09/07 17:58:20.250, 65, 197.68 W, 2745 MHz, 10251 MHz, 9661 MiB, 86 %, 0x0000000000000000
2026/09/07 17:58:22.393, 67, 196.04 W, 2760 MHz, 10251 MHz, 9662 MiB, 79 %, 0x0000000000000000
2026/09/07 17:58:24.467, 64, 181.10 W, 2760 MHz, 10251 MHz, 9662 MiB, 91 %, 0x0000000000000000
2026/09/07 17:58:26.497, 64, 173.70 W, 2760 MHz, 10251 MHz, 9662 MiB, 93 %, 0x0000000000000000
2026/09/07 17:58:28.536, 63, 162.54 W, 2760 MHz, 10251 MHz, 9656 MiB, 92 %, 0x0000000000000000
2026/09/07 17:58:30.578, 67, 184.71 W, 2760 MHz, 10251 MHz, 9666 MiB, 91 %, 0x0000000000000000
2026/09/07 17:58:32.619, 66, 176.37 W, 2760 MHz, 10251 MHz, 9662 MiB, 90 %, 0x0000000000000000
2026/09/07 17:58:34.662, 66, 177.25 W, 2745 MHz, 10251 MHz, 9658 MiB, 89 %, 0x0000000000000000
2026/09/07 17:58:36.705, 67, 178.01 W, 2745 MHz, 10251 MHz, 9658 MiB, 91 %, 0x0000000000000000
2026/09/07 17:58:38.744, 67, 177.30 W, 2745 MHz, 10251 MHz, 9658 MiB, 89 %, 0x0000000000000000
2026/09/07 17:58:40.784, 67, 176.02 W, 2745 MHz, 10251 MHz, 9658 MiB, 84 %, 0x0000000000000000
2026/09/07 17:58:42.175, 67, 178.16 W, 2745 MHz, 10251 MHz, 9658 MiB, 91 %, 0x0000000000000000
2026/09/07 17:58:44.209, 73, 200.99 W, 2595 MHz, 10251 MHz, 9658 MiB, 86 %, 0x0000000000000004
2026/09/07 17:58:46.259, 69, 187.90 W, 2745 MHz, 10251 MHz, 9658 MiB, 93 %, 0x0000000000000000
2026/09/07 17:58:48.292, 69, 187.78 W, 2745 MHz, 10251 MHz, 9658 MiB, 93 %, 0x0000000000000000
2026/09/07 17:58:50.324, 69, 188.55 W, 2745 MHz, 10251 MHz, 9658 MiB, 92 %, 0x0000000000000000
2026/09/07 17:58:52.374, 69, 188.68 W, 2745 MHz, 10251 MHz, 9658 MiB, 93 %, 0x0000000000000000
2026/09/07 17:58:54.437, 59, 50.19 W, 2760 MHz, 10251 MHz, 2058 MiB, 0 %, 0x0000000000000000
2026/09/07 17:58:56.500, 57, 48.46 W, 2520 MHz, 10251 MHz, 5422 MiB, 2 %, 0x0000000000000001
2026/09/07 17:58:58.582, 55, 36.66 W, 2520 MHz, 10251 MHz, 5422 MiB, 0 %, 0x0000000000000001
2026/09/07 17:59:00.639, 54, 36.33 W, 2520 MHz, 10251 MHz, 5420 MiB, 2 %, 0x0000000000000001
2026/09/07 17:59:02.698, 53, 35.89 W, 2520 MHz, 10251 MHz, 5420 MiB, 3 %, 0x0000000000000001
2026/09/07 17:59:04.758, 52, 35.69 W, 2520 MHz, 10251 MHz, 5420 MiB, 2 %, 0x0000000000000001
2026/09/07 17:59:06.817, 53, 46.39 W, 2520 MHz, 10251 MHz, 8062 MiB, 75 %, 0x0000000000000000
2026/09/07 17:59:08.902, 70, 218.99 W, 2655 MHz, 10251 MHz, 8068 MiB, 94 %, 0x0000000000000004
2026/09/07 17:59:10.941, 68, 218.51 W, 2685 MHz, 10251 MHz, 8068 MiB, 95 %, 0x0000000000000004
2026/09/07 17:59:12.982, 69, 219.39 W, 2685 MHz, 10251 MHz, 8068 MiB, 95 %, 0x0000000000000004
2026/09/07 17:59:14.415, 70, 217.48 W, 2745 MHz, 10251 MHz, 8068 MiB, 95 %, 0x0000000000000004
2026/09/07 17:59:16.454, 74, 218.53 W, 2595 MHz, 10251 MHz, 8068 MiB, 94 %, 0x0000000000000004
2026/09/07 17:59:18.496, 71, 219.59 W, 2730 MHz, 10251 MHz, 8068 MiB, 95 %, 0x0000000000000004
2026/09/07 17:59:20.535, 72, 217.11 W, 2745 MHz, 10251 MHz, 8068 MiB, 94 %, 0x0000000000000004
2026/09/07 17:59:22.574, 72, 218.09 W, 2745 MHz, 10251 MHz, 8068 MiB, 95 %, 0x0000000000000004
2026/09/07 17:59:24.615, 72, 219.02 W, 2745 MHz, 10251 MHz, 8068 MiB, 95 %, 0x0000000000000004
2026/09/07 17:59:26.653, 73, 219.24 W, 2730 MHz, 10251 MHz, 8068 MiB, 95 %, 0x0000000000000004
2026/09/07 17:59:28.692, 73, 219.28 W, 2730 MHz, 10251 MHz, 8068 MiB, 95 %, 0x0000000000000004
2026/09/07 17:59:30.734, 73, 219.74 W, 2730 MHz, 10251 MHz, 8068 MiB, 95 %, 0x0000000000000004
2026/09/07 17:59:32.773, 73, 218.87 W, 2745 MHz, 10251 MHz, 8068 MiB, 95 %, 0x0000000000000004
2026/09/07 17:59:34.811, 76, 219.17 W, 2565 MHz, 10251 MHz, 8068 MiB, 93 %, 0x0000000000000004
2026/09/07 17:59:36.854, 74, 218.46 W, 2685 MHz, 10251 MHz, 8068 MiB, 95 %, 0x0000000000000004
2026/09/07 17:59:38.893, 74, 219.71 W, 2655 MHz, 10251 MHz, 8068 MiB, 95 %, 0x0000000000000004
2026/09/07 17:59:40.933, 74, 219.78 W, 2655 MHz, 10251 MHz, 8068 MiB, 95 %, 0x0000000000000004
2026/09/07 17:59:42.972, 74, 219.83 W, 2640 MHz, 10251 MHz, 8068 MiB, 96 %, 0x0000000000000004
2026/09/07 17:59:45.015, 74, 219.55 W, 2655 MHz, 10251 MHz, 8068 MiB, 95 %, 0x0000000000000004
2026/09/07 17:59:46.530, 61, 103.57 W, 2760 MHz, 10251 MHz, 776 MiB, 0 %, 0x0000000000000000
2026/09/07 17:59:48.569, 59, 50.41 W, 2760 MHz, 10251 MHz, 5420 MiB, 5 %, 0x0000000000000000
2026/09/07 17:59:50.612, 56, 38.47 W, 2520 MHz, 10251 MHz, 5420 MiB, 2 %, 0x0000000000000001
2026/09/07 17:59:52.666, 55, 37.60 W, 2520 MHz, 10251 MHz, 5420 MiB, 3 %, 0x0000000000000001
2026/09/07 17:59:54.720, 54, 36.78 W, 2520 MHz, 10251 MHz, 5420 MiB, 0 %, 0x0000000000000001
2026/09/07 17:59:56.775, 54, 36.30 W, 2520 MHz, 10251 MHz, 5420 MiB, 1 %, 0x0000000000000001
2026/09/07 17:59:58.830, 53, 38.76 W, 2520 MHz, 10251 MHz, 8442 MiB, 14 %, 0x0000000000000001
2026/09/07 18:00:00.894, 52, 35.94 W, 2520 MHz, 10251 MHz, 8442 MiB, 0 %, 0x0000000000000001
2026/09/07 18:00:02.946, 52, 64.66 W, 2520 MHz, 10251 MHz, 8772 MiB, 38 %, 0x0000000000000001
2026/09/07 18:00:05.003, 68, 195.30 W, 2625 MHz, 10251 MHz, 8780 MiB, 84 %, 0x0000000000000004
2026/09/07 18:00:07.042, 68, 205.53 W, 2700 MHz, 10251 MHz, 8782 MiB, 87 %, 0x0000000000000004
2026/09/07 18:00:09.082, 70, 218.77 W, 2685 MHz, 10251 MHz, 8782 MiB, 88 %, 0x0000000000000004
2026/09/07 18:00:11.123, 70, 214.66 W, 2715 MHz, 10251 MHz, 8782 MiB, 84 %, 0x0000000000000004
2026/09/07 18:00:13.208, 71, 218.82 W, 2610 MHz, 10251 MHz, 8782 MiB, 87 %, 0x0000000000000004
2026/09/07 18:00:15.254, 72, 219.30 W, 2640 MHz, 10251 MHz, 8782 MiB, 86 %, 0x0000000000000004
2026/09/07 18:00:16.768, 74, 212.10 W, 2670 MHz, 10251 MHz, 8782 MiB, 81 %, 0x0000000000000004
2026/09/07 18:00:18.809, 74, 218.90 W, 2655 MHz, 10251 MHz, 8782 MiB, 86 %, 0x0000000000000004
2026/09/07 18:00:20.848, 74, 219.13 W, 2625 MHz, 10251 MHz, 8782 MiB, 86 %, 0x0000000000000004
2026/09/07 18:00:22.889, 74, 219.15 W, 2640 MHz, 10251 MHz, 8782 MiB, 86 %, 0x0000000000000004
2026/09/07 18:00:24.928, 74, 219.08 W, 2685 MHz, 10251 MHz, 8782 MiB, 86 %, 0x0000000000000004
2026/09/07 18:00:26.967, 76, 205.27 W, 2595 MHz, 10251 MHz, 8782 MiB, 81 %, 0x0000000000000004
2026/09/07 18:00:29.008, 73, 220.94 W, 2685 MHz, 10251 MHz, 8782 MiB, 88 %, 0x0000000000000004
2026/09/07 18:00:31.047, 74, 218.56 W, 2610 MHz, 10251 MHz, 8782 MiB, 87 %, 0x0000000000000004
2026/09/07 18:00:33.087, 75, 219.17 W, 2670 MHz, 10251 MHz, 8782 MiB, 89 %, 0x0000000000000004
2026/09/07 18:00:35.128, 68, 219.17 W, 2730 MHz, 10251 MHz, 8084 MiB, 88 %, 0x0000000000000000
2026/09/07 18:00:37.168, 59, 51.76 W, 2760 MHz, 10251 MHz, 5420 MiB, 0 %, 0x0000000000000000
2026/09/07 18:00:39.211, 57, 40.40 W, 2520 MHz, 10251 MHz, 5420 MiB, 1 %, 0x0000000000000001
2026/09/07 18:00:41.268, 55, 37.76 W, 2520 MHz, 10251 MHz, 5420 MiB, 0 %, 0x0000000000000001
2026/09/07 18:00:43.325, 54, 36.87 W, 2520 MHz, 10251 MHz, 5420 MiB, 2 %, 0x0000000000000001
2026/09/07 18:00:45.381, 54, 36.15 W, 2520 MHz, 10251 MHz, 5420 MiB, 3 %, 0x0000000000000001
2026/09/07 18:00:47.436, 53, 35.85 W, 2520 MHz, 10251 MHz, 5420 MiB, 0 %, 0x0000000000000001
2026/09/07 18:00:48.947, 63, 182.32 W, 2640 MHz, 10251 MHz, 8068 MiB, 82 %, 0x0000000000000004
2026/09/07 18:00:50.990, 72, 217.92 W, 2580 MHz, 10251 MHz, 8068 MiB, 94 %, 0x0000000000000004
2026/09/07 18:00:53.041, 70, 218.71 W, 2685 MHz, 10251 MHz, 8068 MiB, 94 %, 0x0000000000000004
2026/09/07 18:00:55.103, 71, 219.43 W, 2670 MHz, 10251 MHz, 8068 MiB, 95 %, 0x0000000000000004
2026/09/07 18:00:57.164, 71, 219.78 W, 2655 MHz, 10251 MHz, 8068 MiB, 95 %, 0x0000000000000004
2026/09/07 18:00:59.224, 72, 219.66 W, 2685 MHz, 10251 MHz, 8068 MiB, 96 %, 0x0000000000000004
2026/09/07 18:01:01.279, 73, 218.40 W, 2595 MHz, 10251 MHz, 8068 MiB, 88 %, 0x0000000000000004
2026/09/07 18:01:03.336, 73, 218.63 W, 2730 MHz, 10251 MHz, 8068 MiB, 95 %, 0x0000000000000004
2026/09/07 18:01:05.389, 73, 219.00 W, 2730 MHz, 10251 MHz, 8068 MiB, 95 %, 0x0000000000000004
2026/09/07 18:01:07.438, 73, 219.38 W, 2730 MHz, 10251 MHz, 8068 MiB, 95 %, 0x0000000000000004
2026/09/07 18:01:09.486, 73, 218.76 W, 2730 MHz, 10251 MHz, 8068 MiB, 93 %, 0x0000000000000004
2026/09/07 18:01:11.530, 74, 219.42 W, 2715 MHz, 10251 MHz, 8068 MiB, 95 %, 0x0000000000000004
2026/09/07 18:01:13.575, 77, 217.02 W, 2550 MHz, 10251 MHz, 8068 MiB, 93 %, 0x0000000000000004
2026/09/07 18:01:15.623, 75, 219.04 W, 2655 MHz, 10251 MHz, 8068 MiB, 95 %, 0x0000000000000004
2026/09/07 18:01:17.665, 75, 219.54 W, 2655 MHz, 10251 MHz, 8068 MiB, 94 %, 0x0000000000000004
2026/09/07 18:01:19.707, 75, 218.91 W, 2715 MHz, 10251 MHz, 8068 MiB, 94 %, 0x0000000000000004
2026/09/07 18:01:21.073, 75, 219.49 W, 2700 MHz, 10251 MHz, 8068 MiB, 95 %, 0x0000000000000004
2026/09/07 18:01:23.115, 75, 218.69 W, 2700 MHz, 10251 MHz, 8068 MiB, 95 %, 0x0000000000000004
2026/09/07 18:01:25.158, 75, 219.33 W, 2730 MHz, 10251 MHz, 8068 MiB, 95 %, 0x0000000000000000
2026/09/07 18:01:27.199, 75, 218.79 W, 2700 MHz, 10251 MHz, 8068 MiB, 95 %, 0x0000000000000004
2026/09/07 18:01:29.240, 61, 53.56 W, 2760 MHz, 10251 MHz, 5420 MiB, 43 %, 0x0000000000000000
2026/09/07 18:01:31.286, 59, 47.84 W, 2520 MHz, 10251 MHz, 5420 MiB, 4 %, 0x0000000000000001
2026/09/07 18:01:33.346, 57, 38.71 W, 2520 MHz, 10251 MHz, 5420 MiB, 4 %, 0x0000000000000001
2026/09/07 18:01:35.409, 56, 37.83 W, 2520 MHz, 10251 MHz, 5420 MiB, 2 %, 0x0000000000000001
2026/09/07 18:01:37.466, 55, 37.06 W, 2520 MHz, 10251 MHz, 5420 MiB, 2 %, 0x0000000000000001
2026/09/07 18:01:39.523, 54, 36.56 W, 2520 MHz, 10251 MHz, 5420 MiB, 2 %, 0x0000000000000001
2026/09/07 18:01:41.582, 53, 39.17 W, 2520 MHz, 10251 MHz, 8442 MiB, 0 %, 0x0000000000000001
2026/09/07 18:01:43.639, 53, 35.61 W, 2520 MHz, 10251 MHz, 8442 MiB, 0 %, 0x0000000000000001
2026/09/07 18:01:45.697, 64, 136.25 W, 2760 MHz, 10251 MHz, 8778 MiB, 3 %, 0x0000000000000000
2026/09/07 18:01:47.741, 71, 205.18 W, 2640 MHz, 10251 MHz, 8780 MiB, 86 %, 0x0000000000000004
2026/09/07 18:01:49.784, 70, 218.37 W, 2685 MHz, 10251 MHz, 8782 MiB, 88 %, 0x0000000000000004
2026/09/07 18:01:51.827, 69, 218.84 W, 2685 MHz, 10251 MHz, 8782 MiB, 89 %, 0x0000000000000004
2026/09/07 18:01:53.296, 72, 217.92 W, 2610 MHz, 10251 MHz, 8782 MiB, 88 %, 0x0000000000000004
2026/09/07 18:01:55.337, 72, 218.19 W, 2700 MHz, 10251 MHz, 8782 MiB, 88 %, 0x0000000000000004
2026/09/07 18:01:57.384, 72, 218.29 W, 2625 MHz, 10251 MHz, 8782 MiB, 86 %, 0x0000000000000004
2026/09/07 18:01:59.425, 74, 219.33 W, 2640 MHz, 10251 MHz, 8782 MiB, 86 %, 0x0000000000000004
2026/09/07 18:02:01.468, 75, 219.63 W, 2640 MHz, 10251 MHz, 8782 MiB, 87 %, 0x0000000000000004
2026/09/07 18:02:03.509, 73, 206.81 W, 2565 MHz, 10251 MHz, 8782 MiB, 85 %, 0x0000000000000004
2026/09/07 18:02:05.591, 73, 211.41 W, 2700 MHz, 10251 MHz, 8782 MiB, 88 %, 0x0000000000000004
2026/09/07 18:02:07.640, 75, 219.12 W, 2685 MHz, 10251 MHz, 8782 MiB, 88 %, 0x0000000000000004
2026/09/07 18:02:09.683, 76, 214.46 W, 2655 MHz, 10251 MHz, 8782 MiB, 76 %, 0x0000000000000004
2026/09/07 18:02:11.727, 75, 219.86 W, 2640 MHz, 10251 MHz, 8782 MiB, 86 %, 0x0000000000000004
2026/09/07 18:02:13.773, 75, 220.11 W, 2655 MHz, 10251 MHz, 8782 MiB, 87 %, 0x0000000000000004
2026/09/07 18:02:15.816, 76, 218.16 W, 2640 MHz, 10251 MHz, 8782 MiB, 87 %, 0x0000000000000004
2026/09/07 18:02:17.860, 61, 110.04 W, 2745 MHz, 10501 MHz, 593 MiB, 0 %, 0x0000000000000000
2026/09/07 18:02:19.907, 59, 50.47 W, 2760 MHz, 10251 MHz, 5420 MiB, 0 %, 0x0000000000000000
2026/09/07 18:02:21.950, 57, 38.42 W, 2520 MHz, 10251 MHz, 5420 MiB, 3 %, 0x0000000000000001
2026/09/07 18:02:23.428, 56, 37.47 W, 2520 MHz, 10251 MHz, 5420 MiB, 3 %, 0x0000000000000001
2026/09/07 18:02:25.484, 55, 36.60 W, 2520 MHz, 10251 MHz, 5420 MiB, 1 %, 0x0000000000000001
2026/09/07 18:02:27.540, 54, 36.20 W, 2520 MHz, 10251 MHz, 5420 MiB, 1 %, 0x0000000000000001
2026/09/07 18:02:29.596, 53, 35.86 W, 2520 MHz, 10251 MHz, 5420 MiB, 2 %, 0x0000000000000001
2026/09/07 18:02:31.652, 53, 35.72 W, 2520 MHz, 10251 MHz, 9100 MiB, 2 %, 0x0000000000000001
2026/09/07 18:02:33.708, 53, 41.36 W, 2520 MHz, 10251 MHz, 9638 MiB, 15 %, 0x0000000000000001
2026/09/07 18:02:35.764, 71, 201.47 W, 2610 MHz, 10251 MHz, 9656 MiB, 84 %, 0x0000000000000004
2026/09/07 18:02:37.807, 66, 193.20 W, 2745 MHz, 10251 MHz, 9656 MiB, 92 %, 0x0000000000000000
2026/09/07 18:02:39.850, 66, 184.10 W, 2745 MHz, 10251 MHz, 9656 MiB, 93 %, 0x0000000000000000
2026/09/07 18:02:41.896, 66, 183.73 W, 2745 MHz, 10251 MHz, 9656 MiB, 92 %, 0x0000000000000000
2026/09/07 18:02:43.939, 67, 185.75 W, 2745 MHz, 10251 MHz, 9656 MiB, 93 %, 0x0000000000000000
2026/09/07 18:02:45.982, 68, 184.96 W, 2745 MHz, 10251 MHz, 9656 MiB, 78 %, 0x0000000000000000
2026/09/07 18:02:48.027, 67, 176.82 W, 2745 MHz, 10251 MHz, 9656 MiB, 89 %, 0x0000000000000000
2026/09/07 18:02:50.069, 68, 178.33 W, 2745 MHz, 10251 MHz, 9656 MiB, 91 %, 0x0000000000000000
2026/09/07 18:02:52.114, 68, 180.06 W, 2745 MHz, 10251 MHz, 9656 MiB, 92 %, 0x0000000000000000
2026/09/07 18:02:54.157, 75, 205.19 W, 2580 MHz, 10251 MHz, 9656 MiB, 78 %, 0x0000000000000004
2026/09/07 18:02:55.620, 70, 192.65 W, 2745 MHz, 10251 MHz, 9656 MiB, 93 %, 0x0000000000000000
2026/09/07 18:02:57.663, 70, 188.80 W, 2745 MHz, 10251 MHz, 9656 MiB, 93 %, 0x0000000000000000
2026/09/07 18:02:59.705, 73, 187.91 W, 2745 MHz, 10251 MHz, 9656 MiB, 80 %, 0x0000000000000000
2026/09/07 18:03:01.746, 70, 181.48 W, 2580 MHz, 10251 MHz, 9656 MiB, 91 %, 0x0000000000000004
2026/09/07 18:03:03.790, 70, 182.40 W, 2745 MHz, 10251 MHz, 9656 MiB, 90 %, 0x0000000000000000
2026/09/07 18:03:05.831, 70, 180.39 W, 2745 MHz, 10251 MHz, 9656 MiB, 91 %, 0x0000000000000000
2026/09/07 18:03:07.873, 70, 164.46 W, 2760 MHz, 10251 MHz, 822 MiB, 68 %, 0x0000000000000000
2026/09/07 18:03:09.916, 59, 50.88 W, 2760 MHz, 10251 MHz, 5420 MiB, 0 %, 0x0000000000000000
2026/09/07 18:03:11.959, 57, 40.07 W, 2520 MHz, 10251 MHz, 5420 MiB, 3 %, 0x0000000000000001
2026/09/07 18:03:14.020, 56, 37.20 W, 2520 MHz, 10251 MHz, 5420 MiB, 3 %, 0x0000000000000001
2026/09/07 18:03:16.086, 55, 36.71 W, 2520 MHz, 10251 MHz, 5420 MiB, 2 %, 0x0000000000000001
2026/09/07 18:03:18.144, 54, 36.39 W, 2520 MHz, 10251 MHz, 5420 MiB, 2 %, 0x0000000000000001
2026/09/07 18:03:20.202, 53, 36.83 W, 2520 MHz, 10251 MHz, 8036 MiB, 28 %, 0x0000000000000001
2026/09/07 18:03:22.259, 53, 36.08 W, 2520 MHz, 10251 MHz, 8442 MiB, 4 %, 0x0000000000000001
2026/09/07 18:03:24.317, 53, 54.49 W, 2520 MHz, 10251 MHz, 8772 MiB, 16 %, 0x0000000000000001
2026/09/07 18:03:26.406, 69, 196.34 W, 2700 MHz, 10251 MHz, 8782 MiB, 87 %, 0x0000000000000004
2026/09/07 18:03:27.877, 69, 219.22 W, 2670 MHz, 10251 MHz, 8782 MiB, 86 %, 0x0000000000000004
2026/09/07 18:03:29.918, 70, 219.41 W, 2565 MHz, 10251 MHz, 8782 MiB, 86 %, 0x0000000000000004
2026/09/07 18:03:31.961, 72, 202.99 W, 2580 MHz, 10251 MHz, 8782 MiB, 86 %, 0x0000000000000004
2026/09/07 18:03:34.003, 73, 210.04 W, 2700 MHz, 10251 MHz, 8782 MiB, 89 %, 0x0000000000000004
2026/09/07 18:03:36.049, 73, 218.70 W, 2700 MHz, 10251 MHz, 8782 MiB, 88 %, 0x0000000000000004
2026/09/07 18:03:38.099, 74, 219.81 W, 2640 MHz, 10251 MHz, 8782 MiB, 88 %, 0x0000000000000004
2026/09/07 18:03:40.145, 72, 218.84 W, 2700 MHz, 10251 MHz, 8782 MiB, 88 %, 0x0000000000000004
2026/09/07 18:03:42.192, 74, 218.71 W, 2640 MHz, 10251 MHz, 8782 MiB, 85 %, 0x0000000000000004
2026/09/07 18:03:44.241, 75, 219.41 W, 2655 MHz, 10251 MHz, 8782 MiB, 86 %, 0x0000000000000004
2026/09/07 18:03:46.289, 74, 219.45 W, 2655 MHz, 10251 MHz, 8782 MiB, 87 %, 0x0000000000000004
2026/09/07 18:03:48.339, 75, 219.30 W, 2640 MHz, 10251 MHz, 8782 MiB, 87 %, 0x0000000000000004
2026/09/07 18:03:50.385, 73, 204.07 W, 2580 MHz, 10251 MHz, 8782 MiB, 85 %, 0x0000000000000004
2026/09/07 18:03:52.428, 76, 208.45 W, 2685 MHz, 10251 MHz, 8782 MiB, 86 %, 0x0000000000000004
2026/09/07 18:03:54.474, 74, 219.23 W, 2610 MHz, 10251 MHz, 8782 MiB, 88 %, 0x0000000000000004
2026/09/07 18:03:56.518, 74, 218.99 W, 2730 MHz, 10251 MHz, 8084 MiB, 88 %, 0x0000000000000000
2026/09/07 18:03:58.561, 59, 50.04 W, 2520 MHz, 10251 MHz, 5420 MiB, 1 %, 0x0000000000000001
2026/09/07 18:04:00.003, 57, 38.92 W, 2520 MHz, 10251 MHz, 5420 MiB, 2 %, 0x0000000000000001
2026/09/07 18:04:02.056, 56, 38.01 W, 2520 MHz, 10251 MHz, 5420 MiB, 3 %, 0x0000000000000001
2026/09/07 18:04:04.110, 55, 36.81 W, 2520 MHz, 10251 MHz, 5420 MiB, 2 %, 0x0000000000000001
2026/09/07 18:04:06.167, 54, 36.35 W, 2520 MHz, 10251 MHz, 5420 MiB, 2 %, 0x0000000000000001
2026/09/07 18:04:08.234, 54, 36.01 W, 2520 MHz, 10251 MHz, 5420 MiB, 2 %, 0x0000000000000001
2026/09/07 18:04:10.301, 53, 35.97 W, 2520 MHz, 10251 MHz, 9100 MiB, 5 %, 0x0000000000000001
2026/09/07 18:04:12.368, 54, 38.74 W, 2520 MHz, 10251 MHz, 9634 MiB, 2 %, 0x0000000000000001
2026/09/07 18:04:14.436, 63, 185.40 W, 2745 MHz, 10251 MHz, 9656 MiB, 92 %, 0x0000000000000000
2026/09/07 18:04:16.488, 65, 176.15 W, 2745 MHz, 10251 MHz, 9656 MiB, 91 %, 0x0000000000000000
2026/09/07 18:04:18.540, 65, 177.67 W, 2745 MHz, 10251 MHz, 9656 MiB, 91 %, 0x0000000000000000
2026/09/07 18:04:20.594, 67, 208.02 W, 2700 MHz, 10251 MHz, 9656 MiB, 87 %, 0x0000000000000004
2026/09/07 18:04:22.643, 68, 193.40 W, 2745 MHz, 10251 MHz, 9656 MiB, 93 %, 0x0000000000000000
2026/09/07 18:04:24.688, 68, 186.19 W, 2745 MHz, 10251 MHz, 9656 MiB, 92 %, 0x0000000000000000
2026/09/07 18:04:26.729, 68, 185.90 W, 2745 MHz, 10251 MHz, 9656 MiB, 93 %, 0x0000000000000000
2026/09/07 18:04:28.772, 69, 188.05 W, 2745 MHz, 10251 MHz, 9656 MiB, 93 %, 0x0000000000000000
2026/09/07 18:04:30.175, 68, 181.83 W, 2745 MHz, 10251 MHz, 9656 MiB, 91 %, 0x0000000000000000
2026/09/07 18:04:32.216, 69, 179.58 W, 2610 MHz, 10251 MHz, 9656 MiB, 90 %, 0x0000000000000004
2026/09/07 18:04:34.257, 68, 180.23 W, 2745 MHz, 10251 MHz, 9656 MiB, 92 %, 0x0000000000000000
2026/09/07 18:04:36.301, 68, 179.93 W, 2745 MHz, 10251 MHz, 9656 MiB, 91 %, 0x0000000000000000
2026/09/07 18:04:38.344, 69, 178.42 W, 2745 MHz, 10251 MHz, 9656 MiB, 90 %, 0x0000000000000000
2026/09/07 18:04:40.402, 74, 196.73 W, 2640 MHz, 10251 MHz, 9656 MiB, 86 %, 0x0000000000000004
2026/09/07 18:04:42.461, 74, 203.01 W, 2745 MHz, 10251 MHz, 9656 MiB, 81 %, 0x0000000000000000
2026/09/07 18:04:44.519, 71, 189.62 W, 2745 MHz, 10251 MHz, 9656 MiB, 92 %, 0x0000000000000000
2026/09/07 18:04:46.578, 71, 174.93 W, 2760 MHz, 10251 MHz, 822 MiB, 90 %, 0x0000000000000000
2026/09/07 18:04:48.658, 59, 47.16 W, 2520 MHz, 10251 MHz, 5420 MiB, 0 %, 0x0000000000000001
2026/09/07 18:04:50.728, 57, 38.15 W, 2520 MHz, 10251 MHz, 5420 MiB, 3 %, 0x0000000000000001
2026/09/07 18:04:52.794, 56, 37.40 W, 2520 MHz, 10251 MHz, 5420 MiB, 3 %, 0x0000000000000001
2026/09/07 18:04:54.857, 55, 36.90 W, 2520 MHz, 10251 MHz, 5420 MiB, 4 %, 0x0000000000000001
2026/09/07 18:04:56.914, 54, 36.45 W, 2520 MHz, 10251 MHz, 5420 MiB, 3 %, 0x0000000000000001
2026/09/07 18:04:58.969, 53, 36.15 W, 2520 MHz, 10251 MHz, 5420 MiB, 0 %, 0x0000000000000001
2026/09/07 18:05:01.028, 69, 203.01 W, 2640 MHz, 10251 MHz, 8068 MiB, 93 %, 0x0000000000000004
2026/09/07 18:05:02.403, 69, 218.26 W, 2730 MHz, 10251 MHz, 8068 MiB, 94 %, 0x0000000000000004
2026/09/07 18:05:04.440, 70, 215.97 W, 2745 MHz, 10251 MHz, 8068 MiB, 90 %, 0x0000000000000004
2026/09/07 18:05:06.472, 71, 216.05 W, 2745 MHz, 10251 MHz, 8068 MiB, 93 %, 0x0000000000000004
2026/09/07 18:05:08.506, 74, 218.20 W, 2580 MHz, 10251 MHz, 8068 MiB, 93 %, 0x0000000000000004
2026/09/07 18:05:10.543, 72, 218.38 W, 2670 MHz, 10251 MHz, 8068 MiB, 95 %, 0x0000000000000004
2026/09/07 18:05:12.618, 72, 219.22 W, 2670 MHz, 10251 MHz, 8068 MiB, 95 %, 0x0000000000000004
2026/09/07 18:05:14.693, 73, 219.44 W, 2655 MHz, 10251 MHz, 8068 MiB, 95 %, 0x0000000000000004
2026/09/07 18:05:16.764, 74, 219.42 W, 2655 MHz, 10251 MHz, 8068 MiB, 95 %, 0x0000000000000004
2026/09/07 18:05:18.807, 73, 219.51 W, 2685 MHz, 10251 MHz, 8068 MiB, 95 %, 0x0000000000000004
2026/09/07 18:05:20.851, 74, 218.15 W, 2745 MHz, 10251 MHz, 8068 MiB, 95 %, 0x0000000000000004
2026/09/07 18:05:22.903, 74, 216.62 W, 2715 MHz, 10251 MHz, 8068 MiB, 95 %, 0x0000000000000004
2026/09/07 18:05:24.946, 74, 219.11 W, 2715 MHz, 10251 MHz, 8068 MiB, 94 %, 0x0000000000000004
2026/09/07 18:05:26.990, 74, 218.93 W, 2715 MHz, 10251 MHz, 8068 MiB, 93 %, 0x0000000000000004
2026/09/07 18:05:29.033, 74, 219.38 W, 2700 MHz, 10251 MHz, 8068 MiB, 95 %, 0x0000000000000004
2026/09/07 18:05:31.075, 75, 219.07 W, 2715 MHz, 10251 MHz, 8068 MiB, 94 %, 0x0000000000000004
2026/09/07 18:05:33.121, 75, 219.51 W, 2700 MHz, 10251 MHz, 8068 MiB, 94 %, 0x0000000000000004
2026/09/07 18:05:34.522, 79, 218.77 W, 2610 MHz, 10251 MHz, 8068 MiB, 93 %, 0x0000000000000004
2026/09/07 18:05:36.553, 76, 219.95 W, 2655 MHz, 10251 MHz, 8068 MiB, 95 %, 0x0000000000000004
2026/09/07 18:05:38.589, 75, 220.03 W, 2655 MHz, 10251 MHz, 8068 MiB, 96 %, 0x0000000000000004
2026/09/07 18:05:40.625, 61, 53.58 W, 2760 MHz, 10251 MHz, 5420 MiB, 20 %, 0x0000000000000000
2026/09/07 18:05:42.662, 58, 39.70 W, 2520 MHz, 10251 MHz, 5420 MiB, 1 %, 0x0000000000000001
2026/09/07 18:05:44.777, 57, 38.76 W, 2520 MHz, 10251 MHz, 5420 MiB, 2 %, 0x0000000000000001
2026/09/07 18:05:46.886, 56, 37.90 W, 2520 MHz, 10251 MHz, 5420 MiB, 2 %, 0x0000000000000001
2026/09/07 18:05:48.944, 55, 37.11 W, 2520 MHz, 10251 MHz, 5420 MiB, 2 %, 0x0000000000000001
2026/09/07 18:05:51.002, 54, 36.61 W, 2520 MHz, 10251 MHz, 5420 MiB, 2 %, 0x0000000000000001
2026/09/07 18:05:53.063, 54, 38.38 W, 2520 MHz, 10251 MHz, 9100 MiB, 1 %, 0x0000000000000001
2026/09/07 18:05:55.120, 53, 39.05 W, 2520 MHz, 10251 MHz, 9606 MiB, 22 %, 0x0000000000000001
2026/09/07 18:05:57.178, 69, 179.54 W, 2670 MHz, 10251 MHz, 9656 MiB, 77 %, 0x0000000000000004
2026/09/07 18:05:59.221, 72, 203.54 W, 2745 MHz, 10251 MHz, 9656 MiB, 83 %, 0x0000000000000000
2026/09/07 18:06:01.264, 67, 184.42 W, 2745 MHz, 10251 MHz, 9656 MiB, 92 %, 0x0000000000000000
2026/09/07 18:06:03.309, 67, 183.86 W, 2745 MHz, 10251 MHz, 9656 MiB, 88 %, 0x0000000000000000
2026/09/07 18:06:04.706, 68, 186.60 W, 2745 MHz, 10251 MHz, 9656 MiB, 92 %, 0x0000000000000000
2026/09/07 18:06:06.749, 69, 186.14 W, 2745 MHz, 10251 MHz, 9656 MiB, 86 %, 0x0000000000000000
2026/09/07 18:06:08.794, 67, 179.26 W, 2745 MHz, 10251 MHz, 9656 MiB, 91 %, 0x0000000000000000
2026/09/07 18:06:10.837, 68, 178.54 W, 2745 MHz, 10251 MHz, 9656 MiB, 92 %, 0x0000000000000000
2026/09/07 18:06:12.880, 69, 180.29 W, 2745 MHz, 10251 MHz, 9656 MiB, 91 %, 0x0000000000000000
2026/09/07 18:06:14.925, 69, 180.97 W, 2745 MHz, 10251 MHz, 9656 MiB, 91 %, 0x0000000000000000
2026/09/07 18:06:16.968, 70, 180.37 W, 2745 MHz, 10251 MHz, 9656 MiB, 91 %, 0x0000000000000000
2026/09/07 18:06:19.011, 70, 179.99 W, 2700 MHz, 10251 MHz, 9656 MiB, 90 %, 0x0000000000000004
2026/09/07 18:06:21.057, 72, 207.56 W, 2580 MHz, 10251 MHz, 9656 MiB, 80 %, 0x0000000000000004
2026/09/07 18:06:23.101, 71, 190.14 W, 2745 MHz, 10251 MHz, 9656 MiB, 92 %, 0x0000000000000000
2026/09/07 18:06:25.145, 71, 189.84 W, 2745 MHz, 10251 MHz, 9656 MiB, 92 %, 0x0000000000000000
2026/09/07 18:06:27.187, 71, 190.16 W, 2745 MHz, 10251 MHz, 9656 MiB, 92 %, 0x0000000000000000
2026/09/07 18:06:29.230, 71, 182.95 W, 2745 MHz, 10251 MHz, 9656 MiB, 91 %, 0x0000000000000000
2026/09/07 18:06:31.273, 60, 52.04 W, 2760 MHz, 10251 MHz, 5420 MiB, 0 %, 0x0000000000000000
2026/09/07 18:06:33.318, 57, 42.68 W, 2520 MHz, 10251 MHz, 5420 MiB, 2 %, 0x0000000000000001
2026/09/07 18:06:35.379, 56, 37.74 W, 2520 MHz, 10251 MHz, 5420 MiB, 1 %, 0x0000000000000001
2026/09/07 18:06:36.852, 55, 36.99 W, 2520 MHz, 10251 MHz, 5420 MiB, 3 %, 0x0000000000000001
2026/09/07 18:06:38.910, 54, 36.39 W, 2520 MHz, 10251 MHz, 5420 MiB, 3 %, 0x0000000000000001
2026/09/07 18:06:40.968, 54, 36.09 W, 2520 MHz, 10251 MHz, 5420 MiB, 0 %, 0x0000000000000001
2026/09/07 18:06:43.029, 71, 210.82 W, 2610 MHz, 10251 MHz, 8068 MiB, 94 %, 0x0000000000000004
2026/09/07 18:06:45.072, 70, 216.07 W, 2685 MHz, 10251 MHz, 8068 MiB, 92 %, 0x0000000000000004
2026/09/07 18:06:47.116, 71, 220.11 W, 2685 MHz, 10251 MHz, 8068 MiB, 95 %, 0x0000000000000004
2026/09/07 18:06:49.161, 71, 219.60 W, 2670 MHz, 10251 MHz, 8068 MiB, 95 %, 0x0000000000000004
2026/09/07 18:06:51.204, 72, 219.52 W, 2670 MHz, 10251 MHz, 8068 MiB, 95 %, 0x0000000000000004
2026/09/07 18:06:53.248, 73, 219.52 W, 2655 MHz, 10251 MHz, 8068 MiB, 95 %, 0x0000000000000004
2026/09/07 18:06:55.293, 73, 216.57 W, 2745 MHz, 10251 MHz, 8068 MiB, 94 %, 0x0000000000000004
2026/09/07 18:06:57.337, 74, 217.09 W, 2595 MHz, 10251 MHz, 8068 MiB, 95 %, 0x0000000000000004
2026/09/07 18:06:59.401, 74, 219.00 W, 2715 MHz, 10251 MHz, 8068 MiB, 95 %, 0x0000000000000004
2026/09/07 18:07:01.451, 74, 219.38 W, 2730 MHz, 10251 MHz, 8068 MiB, 95 %, 0x0000000000000004
2026/09/07 18:07:03.494, 75, 219.24 W, 2715 MHz, 10251 MHz, 8068 MiB, 95 %, 0x0000000000000004
2026/09/07 18:07:05.542, 75, 219.20 W, 2730 MHz, 10251 MHz, 8068 MiB, 94 %, 0x0000000000000004
2026/09/07 18:07:07.586, 75, 219.38 W, 2730 MHz, 10251 MHz, 8068 MiB, 95 %, 0x0000000000000004
2026/09/07 18:07:09.040, 75, 219.09 W, 2715 MHz, 10251 MHz, 8068 MiB, 95 %, 0x0000000000000004
2026/09/07 18:07:11.083, 75, 219.38 W, 2715 MHz, 10251 MHz, 8068 MiB, 95 %, 0x0000000000000004
2026/09/07 18:07:13.127, 78, 218.74 W, 2535 MHz, 10251 MHz, 8068 MiB, 94 %, 0x0000000000000004
2026/09/07 18:07:15.175, 75, 219.90 W, 2655 MHz, 10251 MHz, 8068 MiB, 95 %, 0x0000000000000004
2026/09/07 18:07:17.218, 75, 219.61 W, 2655 MHz, 10251 MHz, 8068 MiB, 95 %, 0x0000000000000004
2026/09/07 18:07:19.263, 75, 219.37 W, 2700 MHz, 10251 MHz, 8068 MiB, 95 %, 0x0000000000000004
2026/09/07 18:07:21.305, 75, 219.35 W, 2700 MHz, 10251 MHz, 8068 MiB, 95 %, 0x0000000000000004
2026/09/07 18:07:23.347, 61, 51.31 W, 2520 MHz, 10251 MHz, 5420 MiB, 0 %, 0x0000000000000001
2026/09/07 18:07:25.407, 58, 39.79 W, 2520 MHz, 10251 MHz, 5420 MiB, 1 %, 0x0000000000000001
2026/09/07 18:07:27.464, 57, 38.80 W, 2520 MHz, 10251 MHz, 5420 MiB, 3 %, 0x0000000000000001
2026/09/07 18:07:29.523, 56, 38.11 W, 2520 MHz, 10251 MHz, 5420 MiB, 1 %, 0x0000000000000001
2026/09/07 18:07:31.581, 55, 37.23 W, 2520 MHz, 10251 MHz, 5420 MiB, 3 %, 0x0000000000000001
2026/09/07 18:07:33.640, 54, 36.62 W, 2520 MHz, 10251 MHz, 5420 MiB, 0 %, 0x0000000000000001
2026/09/07 18:07:35.698, 54, 36.30 W, 2520 MHz, 10251 MHz, 8442 MiB, 1 %, 0x0000000000000001
2026/09/07 18:07:37.760, 53, 40.67 W, 2520 MHz, 10251 MHz, 8764 MiB, 12 %, 0x0000000000000001
2026/09/07 18:07:39.822, 64, 159.49 W, 2730 MHz, 10251 MHz, 8780 MiB, 83 %, 0x0000000000000004
2026/09/07 18:07:41.270, 72, 203.08 W, 2640 MHz, 10251 MHz, 8782 MiB, 83 %, 0x0000000000000004
2026/09/07 18:07:43.318, 72, 218.45 W, 2685 MHz, 10251 MHz, 8782 MiB, 88 %, 0x0000000000000004
2026/09/07 18:07:45.385, 72, 219.02 W, 2700 MHz, 10251 MHz, 8782 MiB, 89 %, 0x0000000000000004
2026/09/07 18:07:47.451, 73, 218.76 W, 2700 MHz, 10251 MHz, 8782 MiB, 87 %, 0x0000000000000004
2026/09/07 18:07:49.518, 73, 216.94 W, 2610 MHz, 10251 MHz, 8782 MiB, 86 %, 0x0000000000000004
2026/09/07 18:07:51.584, 75, 216.05 W, 2640 MHz, 10251 MHz, 8782 MiB, 86 %, 0x0000000000000004
2026/09/07 18:07:53.634, 75, 216.28 W, 2655 MHz, 10251 MHz, 8782 MiB, 86 %, 0x0000000000000004
2026/09/07 18:07:55.686, 75, 220.06 W, 2655 MHz, 10251 MHz, 8782 MiB, 86 %, 0x0000000000000004
2026/09/07 18:07:57.736, 75, 218.85 W, 2655 MHz, 10251 MHz, 8782 MiB, 85 %, 0x0000000000000004
2026/09/07 18:07:59.786, 76, 216.04 W, 2685 MHz, 10251 MHz, 8782 MiB, 83 %, 0x0000000000000004
2026/09/07 18:08:01.835, 75, 204.87 W, 2565 MHz, 10251 MHz, 8782 MiB, 86 %, 0x0000000000000004
2026/09/07 18:08:03.882, 73, 218.81 W, 2670 MHz, 10251 MHz, 8782 MiB, 88 %, 0x0000000000000004
2026/09/07 18:08:05.930, 75, 218.70 W, 2625 MHz, 10251 MHz, 8782 MiB, 88 %, 0x0000000000000004
2026/09/07 18:08:07.981, 73, 207.70 W, 2655 MHz, 10251 MHz, 8782 MiB, 87 %, 0x0000000000000004
2026/09/07 18:08:10.026, 76, 219.96 W, 2610 MHz, 10251 MHz, 8782 MiB, 85 %, 0x0000000000000004
2026/09/07 18:08:11.341, 61, 53.15 W, 2760 MHz, 10251 MHz, 5420 MiB, 7 %, 0x0000000000000000
2026/09/07 18:08:13.386, 58, 39.42 W, 2520 MHz, 10251 MHz, 5420 MiB, 2 %, 0x0000000000000001
2026/09/07 18:08:15.447, 57, 38.47 W, 2520 MHz, 10251 MHz, 5420 MiB, 3 %, 0x0000000000000001
2026/09/07 18:08:17.512, 56, 37.55 W, 2520 MHz, 10251 MHz, 5420 MiB, 2 %, 0x0000000000000001
2026/09/07 18:08:19.576, 55, 36.97 W, 2520 MHz, 10251 MHz, 5420 MiB, 3 %, 0x0000000000000001
2026/09/07 18:08:21.635, 54, 36.43 W, 2520 MHz, 10251 MHz, 5420 MiB, 0 %, 0x0000000000000001
2026/09/07 18:08:23.695, 68, 190.87 W, 2745 MHz, 10251 MHz, 8068 MiB, 91 %, 0x0000000000000004
2026/09/07 18:08:25.743, 69, 215.61 W, 2745 MHz, 10251 MHz, 8068 MiB, 93 %, 0x0000000000000000
2026/09/07 18:08:27.788, 71, 215.03 W, 2745 MHz, 10251 MHz, 8068 MiB, 95 %, 0x0000000000000004
2026/09/07 18:08:29.836, 72, 217.07 W, 2745 MHz, 10251 MHz, 8068 MiB, 95 %, 0x0000000000000004
2026/09/07 18:08:31.882, 72, 217.70 W, 2745 MHz, 10251 MHz, 8068 MiB, 94 %, 0x0000000000000004
2026/09/07 18:08:33.928, 73, 218.38 W, 2745 MHz, 10251 MHz, 8068 MiB, 94 %, 0x0000000000000004
2026/09/07 18:08:35.978, 73, 219.15 W, 2730 MHz, 10251 MHz, 8068 MiB, 94 %, 0x0000000000000004
2026/09/07 18:08:38.024, 74, 219.10 W, 2745 MHz, 10251 MHz, 8068 MiB, 94 %, 0x0000000000000000
2026/09/07 18:08:40.070, 74, 219.43 W, 2715 MHz, 10251 MHz, 8068 MiB, 94 %, 0x0000000000000004
2026/09/07 18:08:42.120, 75, 218.18 W, 2655 MHz, 10251 MHz, 8068 MiB, 95 %, 0x0000000000000004
2026/09/07 18:08:43.535, 78, 217.23 W, 2565 MHz, 10251 MHz, 8068 MiB, 92 %, 0x0000000000000004
2026/09/07 18:08:45.582, 76, 219.73 W, 2655 MHz, 10251 MHz, 8068 MiB, 94 %, 0x0000000000000004
2026/09/07 18:08:47.627, 75, 219.67 W, 2655 MHz, 10251 MHz, 8068 MiB, 95 %, 0x0000000000000004
2026/09/07 18:08:49.673, 75, 219.51 W, 2655 MHz, 10251 MHz, 8068 MiB, 95 %, 0x0000000000000004
2026/09/07 18:08:51.721, 76, 219.84 W, 2640 MHz, 10251 MHz, 8068 MiB, 95 %, 0x0000000000000004
2026/09/07 18:08:53.767, 76, 219.56 W, 2625 MHz, 10251 MHz, 8068 MiB, 94 %, 0x0000000000000004
2026/09/07 18:08:55.812, 78, 218.77 W, 2550 MHz, 10251 MHz, 8068 MiB, 94 %, 0x0000000000000004
2026/09/07 18:08:57.862, 76, 219.78 W, 2655 MHz, 10251 MHz, 8068 MiB, 95 %, 0x0000000000000004
2026/09/07 18:08:59.908, 76, 219.84 W, 2640 MHz, 10251 MHz, 8068 MiB, 95 %, 0x0000000000000004
2026/09/07 18:09:01.961, 76, 218.84 W, 2715 MHz, 10251 MHz, 8068 MiB, 94 %, 0x0000000000000004
2026/09/07 18:09:04.006, 62, 54.41 W, 2760 MHz, 10251 MHz, 5420 MiB, 43 %, 0x0000000000000000
2026/09/07 18:09:06.089, 60, 49.74 W, 2520 MHz, 10251 MHz, 5420 MiB, 4 %, 0x0000000000000001
2026/09/07 18:09:08.153, 58, 39.47 W, 2520 MHz, 10251 MHz, 5420 MiB, 4 %, 0x0000000000000001
2026/09/07 18:09:10.218, 57, 38.46 W, 2520 MHz, 10251 MHz, 5420 MiB, 3 %, 0x0000000000000001
2026/09/07 18:09:12.278, 56, 37.46 W, 2520 MHz, 10251 MHz, 5420 MiB, 1 %, 0x0000000000000001
2026/09/07 18:09:14.337, 55, 36.75 W, 2520 MHz, 10251 MHz, 5420 MiB, 3 %, 0x0000000000000001
2026/09/07 18:09:15.765, 54, 39.27 W, 2520 MHz, 10251 MHz, 8442 MiB, 1 %, 0x0000000000000001
2026/09/07 18:09:17.830, 54, 36.06 W, 2520 MHz, 10251 MHz, 8442 MiB, 0 %, 0x0000000000000001
2026/09/07 18:09:19.895, 67, 138.61 W, 2760 MHz, 10251 MHz, 8778 MiB, 0 %, 0x0000000000000000
2026/09/07 18:09:21.943, 69, 219.70 W, 2655 MHz, 10251 MHz, 8782 MiB, 85 %, 0x0000000000000004
2026/09/07 18:09:23.988, 72, 219.46 W, 2685 MHz, 10251 MHz, 8782 MiB, 85 %, 0x0000000000000004
2026/09/07 18:09:26.034, 73, 219.17 W, 2700 MHz, 10251 MHz, 8782 MiB, 86 %, 0x0000000000000004
2026/09/07 18:09:28.084, 74, 219.28 W, 2655 MHz, 10251 MHz, 8782 MiB, 85 %, 0x0000000000000004
2026/09/07 18:09:30.131, 75, 209.35 W, 2625 MHz, 10251 MHz, 8782 MiB, 80 %, 0x0000000000000004
2026/09/07 18:09:32.179, 73, 218.33 W, 2610 MHz, 10251 MHz, 8782 MiB, 85 %, 0x0000000000000004
2026/09/07 18:09:34.224, 75, 203.60 W, 2670 MHz, 10251 MHz, 8782 MiB, 84 %, 0x0000000000000004
2026/09/07 18:09:36.271, 70, 207.11 W, 2685 MHz, 10251 MHz, 8782 MiB, 88 %, 0x0000000000000004
2026/09/07 18:09:38.318, 75, 218.41 W, 2655 MHz, 10251 MHz, 8782 MiB, 88 %, 0x0000000000000004
2026/09/07 18:09:40.364, 76, 219.26 W, 2610 MHz, 10251 MHz, 8782 MiB, 86 %, 0x0000000000000004
2026/09/07 18:09:42.410, 76, 218.90 W, 2610 MHz, 10251 MHz, 8782 MiB, 88 %, 0x0000000000000004
2026/09/07 18:09:44.460, 76, 203.42 W, 2625 MHz, 10251 MHz, 8782 MiB, 79 %, 0x0000000000000004
2026/09/07 18:09:46.506, 75, 209.65 W, 2685 MHz, 10251 MHz, 8782 MiB, 88 %, 0x0000000000000004
2026/09/07 18:09:47.923, 76, 219.94 W, 2625 MHz, 10251 MHz, 8782 MiB, 89 %, 0x0000000000000004
2026/09/07 18:09:49.968, 77, 217.11 W, 2640 MHz, 10251 MHz, 8782 MiB, 82 %, 0x0000000000000004
2026/09/07 18:09:52.013, 63, 151.26 W, 2760 MHz, 10501 MHz, 592 MiB, 0 %, 0x0000000000000000
2026/09/07 18:09:54.061, 60, 52.64 W, 2760 MHz, 10251 MHz, 5420 MiB, 0 %, 0x0000000000000000
2026/09/07 18:09:56.106, 58, 41.28 W, 2520 MHz, 10251 MHz, 5420 MiB, 2 %, 0x0000000000000001
2026/09/07 18:09:58.171, 57, 38.44 W, 2520 MHz, 10251 MHz, 5420 MiB, 2 %, 0x0000000000000001
2026/09/07 18:10:00.235, 56, 37.53 W, 2520 MHz, 10251 MHz, 5420 MiB, 2 %, 0x0000000000000001
2026/09/07 18:10:02.296, 55, 37.02 W, 2520 MHz, 10251 MHz, 5420 MiB, 2 %, 0x0000000000000001
2026/09/07 18:10:04.357, 54, 36.54 W, 2520 MHz, 10251 MHz, 5420 MiB, 0 %, 0x0000000000000001
2026/09/07 18:10:06.418, 54, 36.17 W, 2520 MHz, 10251 MHz, 9100 MiB, 0 %, 0x0000000000000001
2026/09/07 18:10:08.477, 57, 59.42 W, 2760 MHz, 10251 MHz, 9648 MiB, 85 %, 0x0000000000000000
2026/09/07 18:10:10.523, 64, 176.66 W, 2760 MHz, 10251 MHz, 9656 MiB, 91 %, 0x0000000000000000
2026/09/07 18:10:12.570, 66, 179.49 W, 2745 MHz, 10251 MHz, 9656 MiB, 91 %, 0x0000000000000000
2026/09/07 18:10:14.618, 67, 176.37 W, 2745 MHz, 10251 MHz, 9656 MiB, 91 %, 0x0000000000000000
2026/09/07 18:10:16.663, 66, 177.24 W, 2745 MHz, 10251 MHz, 9656 MiB, 92 %, 0x0000000000000000
2026/09/07 18:10:18.080, 68, 178.77 W, 2745 MHz, 10251 MHz, 9656 MiB, 92 %, 0x0000000000000000
2026/09/07 18:10:20.127, 68, 178.93 W, 2745 MHz, 10251 MHz, 9656 MiB, 91 %, 0x0000000000000000
2026/09/07 18:10:22.172, 73, 187.44 W, 2640 MHz, 10251 MHz, 9656 MiB, 83 %, 0x0000000000000004
2026/09/07 18:10:24.217, 75, 205.45 W, 2625 MHz, 10251 MHz, 9656 MiB, 84 %, 0x0000000000000004
2026/09/07 18:10:26.268, 70, 187.90 W, 2745 MHz, 10251 MHz, 9656 MiB, 90 %, 0x0000000000000000
2026/09/07 18:10:28.315, 71, 188.91 W, 2745 MHz, 10251 MHz, 9656 MiB, 92 %, 0x0000000000000000
2026/09/07 18:10:30.363, 71, 190.67 W, 2745 MHz, 10251 MHz, 9656 MiB, 93 %, 0x0000000000000000
2026/09/07 18:10:32.413, 71, 190.62 W, 2745 MHz, 10251 MHz, 9656 MiB, 94 %, 0x0000000000000000
2026/09/07 18:10:34.461, 76, 203.09 W, 2550 MHz, 10251 MHz, 9656 MiB, 87 %, 0x0000000000000004
2026/09/07 18:10:36.514, 72, 190.71 W, 2745 MHz, 10251 MHz, 9656 MiB, 93 %, 0x0000000000000000
2026/09/07 18:10:38.563, 71, 189.69 W, 2745 MHz, 10251 MHz, 9656 MiB, 93 %, 0x0000000000000000
2026/09/07 18:10:40.617, 71, 182.05 W, 2745 MHz, 10251 MHz, 9656 MiB, 91 %, 0x0000000000000000
2026/09/07 18:10:42.663, 63, 122.36 W, 2745 MHz, 10501 MHz, 592 MiB, 0 %, 0x0000000000000000
2026/09/07 18:10:44.711, 59, 50.52 W, 2760 MHz, 10251 MHz, 5420 MiB, 0 %, 0x0000000000000000
2026/09/07 18:10:46.757, 57, 38.70 W, 2520 MHz, 10251 MHz, 5420 MiB, 1 %, 0x0000000000000001
2026/09/07 18:10:48.818, 56, 37.71 W, 2520 MHz, 10251 MHz, 5420 MiB, 1 %, 0x0000000000000001
2026/09/07 18:10:50.232, 55, 37.09 W, 2520 MHz, 10251 MHz, 5420 MiB, 2 %, 0x0000000000000001
2026/09/07 18:10:52.294, 54, 36.36 W, 2520 MHz, 10251 MHz, 5420 MiB, 2 %, 0x0000000000000001
2026/09/07 18:10:54.358, 54, 36.32 W, 2520 MHz, 10251 MHz, 8018 MiB, 0 %, 0x0000000000000001
2026/09/07 18:10:56.416, 53, 35.81 W, 2520 MHz, 10251 MHz, 8442 MiB, 0 %, 0x0000000000000001
2026/09/07 18:10:58.479, 56, 38.13 W, 2520 MHz, 10251 MHz, 8764 MiB, 2 %, 0x0000000000000001
2026/09/07 18:11:00.544, 66, 143.11 W, 2685 MHz, 10251 MHz, 8782 MiB, 86 %, 0x0000000000000004
2026/09/07 18:11:02.596, 69, 219.73 W, 2670 MHz, 10251 MHz, 8782 MiB, 86 %, 0x0000000000000004
2026/09/07 18:11:04.646, 70, 218.68 W, 2670 MHz, 10251 MHz, 8782 MiB, 84 %, 0x0000000000000004
2026/09/07 18:11:06.700, 72, 214.29 W, 2730 MHz, 10251 MHz, 8782 MiB, 78 %, 0x0000000000000004
2026/09/07 18:11:08.747, 72, 218.88 W, 2640 MHz, 10251 MHz, 8782 MiB, 85 %, 0x0000000000000004
2026/09/07 18:11:10.796, 74, 203.27 W, 2640 MHz, 10251 MHz, 8782 MiB, 86 %, 0x0000000000000004
2026/09/07 18:11:12.845, 74, 215.20 W, 2610 MHz, 10251 MHz, 8782 MiB, 88 %, 0x0000000000000004
2026/09/07 18:11:14.891, 74, 219.82 W, 2655 MHz, 10251 MHz, 8782 MiB, 88 %, 0x0000000000000004
2026/09/07 18:11:16.938, 74, 218.96 W, 2580 MHz, 10251 MHz, 8782 MiB, 88 %, 0x0000000000000004
2026/09/07 18:11:18.983, 74, 218.00 W, 2610 MHz, 10251 MHz, 8782 MiB, 86 %, 0x0000000000000004
2026/09/07 18:11:21.028, 76, 208.26 W, 2610 MHz, 10251 MHz, 8782 MiB, 85 %, 0x0000000000000004
2026/09/07 18:11:22.427, 75, 216.53 W, 2625 MHz, 10251 MHz, 8782 MiB, 89 %, 0x0000000000000004
2026/09/07 18:11:24.470, 76, 219.20 W, 2685 MHz, 10251 MHz, 8782 MiB, 89 %, 0x0000000000000004
2026/09/07 18:11:26.514, 77, 217.22 W, 2625 MHz, 10251 MHz, 8782 MiB, 86 %, 0x0000000000000004
2026/09/07 18:11:28.560, 75, 211.22 W, 2655 MHz, 10251 MHz, 8782 MiB, 88 %, 0x0000000000000004
2026/09/07 18:11:30.609, 77, 219.73 W, 2655 MHz, 10251 MHz, 8782 MiB, 87 %, 0x0000000000000004
2026/09/07 18:11:32.664, 61, 52.78 W, 2760 MHz, 10251 MHz, 4232 MiB, 0 %, 0x0000000000000000
2026/09/07 18:11:34.720, 59, 49.76 W, 2520 MHz, 10251 MHz, 5420 MiB, 1 %, 0x0000000000000001
2026/09/07 18:11:36.790, 57, 38.71 W, 2520 MHz, 10251 MHz, 5420 MiB, 0 %, 0x0000000000000001
2026/09/07 18:11:38.856, 56, 37.78 W, 2520 MHz, 10251 MHz, 5420 MiB, 2 %, 0x0000000000000001
2026/09/07 18:11:40.923, 55, 37.23 W, 2520 MHz, 10251 MHz, 5420 MiB, 3 %, 0x0000000000000001
2026/09/07 18:11:42.988, 54, 36.65 W, 2520 MHz, 10251 MHz, 5420 MiB, 2 %, 0x0000000000000001
2026/09/07 18:11:45.055, 54, 39.32 W, 2520 MHz, 10251 MHz, 9100 MiB, 3 %, 0x0000000000000001
2026/09/07 18:11:47.117, 53, 36.02 W, 2520 MHz, 10251 MHz, 9100 MiB, 0 %, 0x0000000000000001
2026/09/07 18:11:49.179, 61, 162.26 W, 2760 MHz, 10251 MHz, 9656 MiB, 81 %, 0x0000000000000000
2026/09/07 18:11:51.225, 65, 176.08 W, 2760 MHz, 10251 MHz, 9656 MiB, 90 %, 0x0000000000000000
2026/09/07 18:11:52.590, 66, 175.44 W, 2760 MHz, 10251 MHz, 9656 MiB, 87 %, 0x0000000000000000
2026/09/07 18:11:54.633, 66, 177.86 W, 2760 MHz, 10251 MHz, 9656 MiB, 92 %, 0x0000000000000000
2026/09/07 18:11:56.672, 67, 177.17 W, 2745 MHz, 10251 MHz, 9656 MiB, 89 %, 0x0000000000000000
2026/09/07 18:11:58.713, 74, 195.94 W, 2685 MHz, 10251 MHz, 9656 MiB, 84 %, 0x0000000000000004
2026/09/07 18:12:00.754, 74, 198.29 W, 2745 MHz, 10251 MHz, 9656 MiB, 81 %, 0x0000000000000000
2026/09/07 18:12:02.807, 69, 187.06 W, 2745 MHz, 10251 MHz, 9656 MiB, 92 %, 0x0000000000000000
2026/09/07 18:12:04.871, 70, 186.99 W, 2745 MHz, 10251 MHz, 9656 MiB, 89 %, 0x0000000000000000
2026/09/07 18:12:06.934, 70, 189.34 W, 2745 MHz, 10251 MHz, 9656 MiB, 93 %, 0x0000000000000000
2026/09/07 18:12:08.998, 70, 190.43 W, 2565 MHz, 10251 MHz, 9656 MiB, 84 %, 0x0000000000000004
2026/09/07 18:12:11.065, 75, 200.54 W, 2595 MHz, 10251 MHz, 9656 MiB, 86 %, 0x0000000000000004
2026/09/07 18:12:13.118, 71, 190.30 W, 2745 MHz, 10251 MHz, 9656 MiB, 93 %, 0x0000000000000000
2026/09/07 18:12:15.169, 71, 189.78 W, 2745 MHz, 10251 MHz, 9656 MiB, 92 %, 0x0000000000000000
2026/09/07 18:12:17.220, 70, 182.20 W, 2745 MHz, 10251 MHz, 9656 MiB, 91 %, 0x0000000000000000
2026/09/07 18:12:19.270, 71, 192.52 W, 2730 MHz, 10251 MHz, 9656 MiB, 87 %, 0x0000000000000000
2026/09/07 18:12:21.317, 70, 182.77 W, 2745 MHz, 10251 MHz, 9656 MiB, 91 %, 0x0000000000000000
2026/09/07 18:12:23.365, 60, 52.41 W, 2760 MHz, 10251 MHz, 5420 MiB, 43 %, 0x0000000000000000
2026/09/07 18:12:24.721, 58, 47.10 W, 2520 MHz, 10251 MHz, 5420 MiB, 1 %, 0x0000000000000001
2026/09/07 18:12:26.776, 56, 38.10 W, 2520 MHz, 10251 MHz, 5420 MiB, 2 %, 0x0000000000000001
2026/09/07 18:12:28.820, 55, 37.48 W, 2520 MHz, 10251 MHz, 5420 MiB, 3 %, 0x0000000000000001
2026/09/07 18:12:30.862, 54, 36.69 W, 2520 MHz, 10251 MHz, 5420 MiB, 1 %, 0x0000000000000001
2026/09/07 18:12:32.903, 54, 36.09 W, 2520 MHz, 10251 MHz, 5420 MiB, 0 %, 0x0000000000000001
2026/09/07 18:12:34.989, 66, 172.56 W, 2580 MHz, 10251 MHz, 8068 MiB, 90 %, 0x0000000000000004
2026/09/07 18:12:37.093, 69, 215.09 W, 2745 MHz, 10251 MHz, 8068 MiB, 95 %, 0x0000000000000004
2026/09/07 18:12:39.170, 70, 216.19 W, 2745 MHz, 10251 MHz, 8068 MiB, 95 %, 0x0000000000000004
2026/09/07 18:12:41.217, 71, 218.13 W, 2745 MHz, 10251 MHz, 8068 MiB, 95 %, 0x0000000000000004
2026/09/07 18:12:43.264, 72, 218.55 W, 2730 MHz, 10251 MHz, 8068 MiB, 93 %, 0x0000000000000004
2026/09/07 18:12:45.313, 73, 219.30 W, 2730 MHz, 10251 MHz, 8068 MiB, 95 %, 0x0000000000000004
2026/09/07 18:12:47.360, 73, 216.53 W, 2730 MHz, 10251 MHz, 8068 MiB, 95 %, 0x0000000000000004
2026/09/07 18:12:49.407, 74, 218.77 W, 2730 MHz, 10251 MHz, 8068 MiB, 95 %, 0x0000000000000004
2026/09/07 18:12:51.456, 76, 218.48 W, 2535 MHz, 10251 MHz, 8068 MiB, 93 %, 0x0000000000000004
2026/09/07 18:12:53.501, 75, 219.78 W, 2670 MHz, 10251 MHz, 8068 MiB, 95 %, 0x0000000000000004
2026/09/07 18:12:55.548, 75, 219.52 W, 2670 MHz, 10251 MHz, 8068 MiB, 95 %, 0x0000000000000004
2026/09/07 18:12:56.922, 75, 219.74 W, 2655 MHz, 10251 MHz, 8068 MiB, 93 %, 0x0000000000000004
2026/09/07 18:12:58.968, 75, 219.76 W, 2655 MHz, 10251 MHz, 8068 MiB, 95 %, 0x0000000000000004
2026/09/07 18:13:01.018, 75, 219.71 W, 2655 MHz, 10251 MHz, 8068 MiB, 95 %, 0x0000000000000004
2026/09/07 18:13:03.064, 78, 218.64 W, 2550 MHz, 10251 MHz, 8068 MiB, 94 %, 0x0000000000000004
2026/09/07 18:13:05.111, 76, 219.72 W, 2655 MHz, 10251 MHz, 8068 MiB, 95 %, 0x0000000000000004
2026/09/07 18:13:07.157, 75, 220.35 W, 2640 MHz, 10251 MHz, 8068 MiB, 96 %, 0x0000000000000004
2026/09/07 18:13:09.203, 75, 219.48 W, 2700 MHz, 10251 MHz, 8068 MiB, 95 %, 0x0000000000000004
2026/09/07 18:13:11.251, 76, 218.74 W, 2685 MHz, 10251 MHz, 8068 MiB, 95 %, 0x0000000000000004
2026/09/07 18:13:13.300, 76, 219.31 W, 2700 MHz, 10251 MHz, 8068 MiB, 94 %, 0x0000000000000004
2026/09/07 18:13:15.348, 61, 53.61 W, 2760 MHz, 10251 MHz, 5420 MiB, 15 %, 0x0000000000000000
2026/09/07 18:13:17.398, 59, 39.94 W, 2520 MHz, 10251 MHz, 5420 MiB, 3 %, 0x0000000000000001
2026/09/07 18:13:19.464, 57, 39.08 W, 2520 MHz, 10251 MHz, 5420 MiB, 3 %, 0x0000000000000001
2026/09/07 18:13:21.525, 56, 38.12 W, 2520 MHz, 10251 MHz, 5420 MiB, 3 %, 0x0000000000000001
2026/09/07 18:13:23.586, 55, 37.46 W, 2520 MHz, 10251 MHz, 5420 MiB, 3 %, 0x0000000000000001
2026/09/07 18:13:25.646, 55, 36.82 W, 2520 MHz, 10251 MHz, 5420 MiB, 3 %, 0x0000000000000001
2026/09/07 18:13:27.071, 54, 39.48 W, 2520 MHz, 10251 MHz, 9100 MiB, 2 %, 0x0000000000000001
2026/09/07 18:13:29.132, 54, 36.30 W, 2520 MHz, 10251 MHz, 9586 MiB, 9 %, 0x0000000000000001
2026/09/07 18:13:31.192, 64, 166.08 W, 2760 MHz, 10251 MHz, 9648 MiB, 91 %, 0x0000000000000000
2026/09/07 18:13:33.238, 65, 176.14 W, 2595 MHz, 10251 MHz, 9652 MiB, 80 %, 0x0000000000000004
2026/09/07 18:13:35.285, 69, 206.66 W, 2610 MHz, 10251 MHz, 9656 MiB, 86 %, 0x0000000000000004
2026/09/07 18:13:37.332, 68, 187.05 W, 2745 MHz, 10251 MHz, 9656 MiB, 92 %, 0x0000000000000000
2026/09/07 18:13:39.379, 68, 186.69 W, 2745 MHz, 10251 MHz, 9656 MiB, 93 %, 0x0000000000000000
2026/09/07 18:13:41.425, 75, 201.52 W, 2625 MHz, 10251 MHz, 9656 MiB, 78 %, 0x0000000000000004
2026/09/07 18:13:43.472, 70, 196.96 W, 2745 MHz, 10251 MHz, 9656 MiB, 92 %, 0x0000000000000000
2026/09/07 18:13:45.521, 69, 188.30 W, 2745 MHz, 10251 MHz, 9656 MiB, 92 %, 0x0000000000000000
2026/09/07 18:13:47.567, 70, 187.59 W, 2745 MHz, 10251 MHz, 9656 MiB, 92 %, 0x0000000000000000
2026/09/07 18:13:49.615, 71, 189.75 W, 2745 MHz, 10251 MHz, 9656 MiB, 92 %, 0x0000000000000000
2026/09/07 18:13:51.662, 70, 186.59 W, 2745 MHz, 10251 MHz, 9656 MiB, 91 %, 0x0000000000000000
2026/09/07 18:13:53.710, 70, 184.65 W, 2595 MHz, 10251 MHz, 9656 MiB, 84 %, 0x0000000000000004
2026/09/07 18:13:55.770, 70, 182.32 W, 2745 MHz, 10251 MHz, 9656 MiB, 92 %, 0x0000000000000000
2026/09/07 18:13:57.820, 71, 184.04 W, 2745 MHz, 10251 MHz, 9656 MiB, 91 %, 0x0000000000000000
2026/09/07 18:13:59.227, 70, 182.47 W, 2745 MHz, 10251 MHz, 9656 MiB, 91 %, 0x0000000000000000
2026/09/07 18:14:01.275, 70, 180.89 W, 2745 MHz, 10251 MHz, 9656 MiB, 91 %, 0x0000000000000000
2026/09/07 18:14:03.321, 70, 183.35 W, 2745 MHz, 10251 MHz, 9656 MiB, 91 %, 0x0000000000000000
2026/09/07 18:14:05.367, 60, 51.83 W, 2760 MHz, 10251 MHz, 5420 MiB, 18 %, 0x0000000000000000
2026/09/07 18:14:07.415, 58, 38.13 W, 2520 MHz, 10251 MHz, 5420 MiB, 2 %, 0x0000000000000001
2026/09/07 18:14:09.476, 56, 37.57 W, 2520 MHz, 10251 MHz, 5420 MiB, 2 %, 0x0000000000000001
2026/09/07 18:14:11.537, 56, 37.05 W, 2520 MHz, 10251 MHz, 5420 MiB, 2 %, 0x0000000000000001
2026/09/07 18:14:13.596, 55, 36.60 W, 2520 MHz, 10251 MHz, 5420 MiB, 3 %, 0x0000000000000001
2026/09/07 18:14:15.655, 54, 36.33 W, 2520 MHz, 10251 MHz, 5420 MiB, 2 %, 0x0000000000000001
2026/09/07 18:14:17.719, 57, 118.90 W, 2745 MHz, 10251 MHz, 8062 MiB, 95 %, 0x0000000000000000
2026/09/07 18:14:19.769, 69, 214.04 W, 2745 MHz, 10251 MHz, 8062 MiB, 95 %, 0x0000000000000000
2026/09/07 18:14:21.825, 74, 218.91 W, 2625 MHz, 10251 MHz, 8068 MiB, 95 %, 0x0000000000000004
2026/09/07 18:14:23.880, 72, 219.13 W, 2655 MHz, 10251 MHz, 8068 MiB, 95 %, 0x0000000000000004
2026/09/07 18:14:25.935, 72, 219.41 W, 2655 MHz, 10251 MHz, 8068 MiB, 95 %, 0x0000000000000004
2026/09/07 18:14:27.988, 75, 218.40 W, 2625 MHz, 10251 MHz, 8068 MiB, 94 %, 0x0000000000000004
2026/09/07 18:14:30.038, 73, 218.68 W, 2655 MHz, 10251 MHz, 8068 MiB, 95 %, 0x0000000000000004
2026/09/07 18:14:31.412, 74, 219.48 W, 2655 MHz, 10251 MHz, 8068 MiB, 95 %, 0x0000000000000004
2026/09/07 18:14:33.463, 74, 219.47 W, 2655 MHz, 10251 MHz, 8068 MiB, 95 %, 0x0000000000000004
2026/09/07 18:14:35.512, 74, 219.50 W, 2655 MHz, 10251 MHz, 8068 MiB, 95 %, 0x0000000000000004
2026/09/07 18:14:37.560, 74, 219.38 W, 2670 MHz, 10251 MHz, 8068 MiB, 95 %, 0x0000000000000004
2026/09/07 18:14:39.611, 74, 219.69 W, 2715 MHz, 10251 MHz, 8068 MiB, 95 %, 0x0000000000000004
2026/09/07 18:14:41.658, 78, 219.40 W, 2565 MHz, 10251 MHz, 8068 MiB, 88 %, 0x0000000000000004
2026/09/07 18:14:43.707, 75, 219.35 W, 2700 MHz, 10251 MHz, 8068 MiB, 95 %, 0x0000000000000004
2026/09/07 18:14:45.758, 75, 217.42 W, 2715 MHz, 10251 MHz, 8068 MiB, 86 %, 0x0000000000000004
2026/09/07 18:14:47.806, 75, 219.62 W, 2715 MHz, 10251 MHz, 8068 MiB, 95 %, 0x0000000000000004
2026/09/07 18:14:49.853, 75, 219.41 W, 2715 MHz, 10251 MHz, 8068 MiB, 95 %, 0x0000000000000004
2026/09/07 18:14:51.904, 76, 219.73 W, 2715 MHz, 10251 MHz, 8068 MiB, 95 %, 0x0000000000000004
2026/09/07 18:14:53.951, 76, 219.20 W, 2700 MHz, 10251 MHz, 8068 MiB, 94 %, 0x0000000000000004
2026/09/07 18:14:55.999, 76, 219.57 W, 2700 MHz, 10251 MHz, 8068 MiB, 95 %, 0x0000000000000004
2026/09/07 18:14:58.052, 62, 53.46 W, 2760 MHz, 10251 MHz, 776 MiB, 0 %, 0x0000000000000000
2026/09/07 18:15:00.099, 60, 51.44 W, 2520 MHz, 10251 MHz, 5420 MiB, 3 %, 0x0000000000000001
2026/09/07 18:15:02.166, 58, 39.29 W, 2520 MHz, 10251 MHz, 5420 MiB, 2 %, 0x0000000000000001
2026/09/07 18:15:03.556, 57, 38.45 W, 2520 MHz, 10251 MHz, 5420 MiB, 1 %, 0x0000000000000001
2026/09/07 18:15:05.617, 56, 37.62 W, 2520 MHz, 10251 MHz, 5420 MiB, 2 %, 0x0000000000000001
2026/09/07 18:15:07.679, 55, 37.03 W, 2520 MHz, 10251 MHz, 5420 MiB, 1 %, 0x0000000000000001
2026/09/07 18:15:09.741, 55, 39.51 W, 2520 MHz, 10251 MHz, 8442 MiB, 0 %, 0x0000000000000001
2026/09/07 18:15:11.802, 54, 36.30 W, 2520 MHz, 10251 MHz, 8442 MiB, 0 %, 0x0000000000000001
2026/09/07 18:15:13.865, 64, 119.75 W, 2760 MHz, 10251 MHz, 8772 MiB, 27 %, 0x0000000000000000
2026/09/07 18:15:15.966, 69, 193.80 W, 2760 MHz, 10251 MHz, 8778 MiB, 25 %, 0x0000000000000000
2026/09/07 18:15:18.014, 72, 205.97 W, 2565 MHz, 10251 MHz, 8780 MiB, 85 %, 0x0000000000000004
2026/09/07 18:15:20.062, 71, 216.07 W, 2670 MHz, 10251 MHz, 8782 MiB, 89 %, 0x0000000000000004
2026/09/07 18:15:22.111, 72, 218.75 W, 2685 MHz, 10251 MHz, 8782 MiB, 88 %, 0x0000000000000004
2026/09/07 18:15:24.159, 73, 203.32 W, 2610 MHz, 10251 MHz, 8782 MiB, 85 %, 0x0000000000000004
2026/09/07 18:15:26.208, 75, 203.38 W, 2670 MHz, 10251 MHz, 8782 MiB, 85 %, 0x0000000000000004
2026/09/07 18:15:28.256, 75, 218.75 W, 2640 MHz, 10251 MHz, 8782 MiB, 88 %, 0x0000000000000004
2026/09/07 18:15:30.308, 75, 218.58 W, 2655 MHz, 10251 MHz, 8782 MiB, 88 %, 0x0000000000000004
2026/09/07 18:15:32.355, 73, 219.26 W, 2625 MHz, 10251 MHz, 8782 MiB, 89 %, 0x0000000000000004
2026/09/07 18:15:33.744, 74, 216.40 W, 2640 MHz, 10251 MHz, 8782 MiB, 86 %, 0x0000000000000004
2026/09/07 18:15:35.790, 76, 215.60 W, 2595 MHz, 10251 MHz, 8782 MiB, 82 %, 0x0000000000000004
2026/09/07 18:15:37.838, 75, 218.90 W, 2655 MHz, 10251 MHz, 8782 MiB, 86 %, 0x0000000000000004
2026/09/07 18:15:39.889, 75, 214.32 W, 2640 MHz, 10251 MHz, 8782 MiB, 85 %, 0x0000000000000004
2026/09/07 18:15:41.937, 77, 219.10 W, 2625 MHz, 10251 MHz, 8782 MiB, 86 %, 0x0000000000000004
2026/09/07 18:15:43.985, 77, 219.22 W, 2655 MHz, 10251 MHz, 8782 MiB, 86 %, 0x0000000000000004
2026/09/07 18:15:46.032, 77, 182.91 W, 2745 MHz, 10251 MHz, 820 MiB, 27 %, 0x0000000000000000
2026/09/07 18:15:48.080, 60, 47.73 W, 2520 MHz, 10251 MHz, 5420 MiB, 4 %, 0x0000000000000001
2026/09/07 18:15:50.147, 58, 39.05 W, 2520 MHz, 10251 MHz, 5420 MiB, 3 %, 0x0000000000000001
2026/09/07 18:15:52.209, 57, 38.41 W, 2520 MHz, 10251 MHz, 5420 MiB, 3 %, 0x0000000000000001
2026/09/07 18:15:54.271, 56, 37.39 W, 2520 MHz, 10251 MHz, 5420 MiB, 3 %, 0x0000000000000001
2026/09/07 18:15:56.335, 55, 36.37 W, 2520 MHz, 10251 MHz, 5420 MiB, 3 %, 0x0000000000000001
2026/09/07 18:15:58.397, 54, 35.98 W, 2520 MHz, 10251 MHz, 5420 MiB, 0 %, 0x0000000000000001
2026/09/07 18:16:00.459, 69, 212.54 W, 2745 MHz, 10251 MHz, 8068 MiB, 92 %, 0x0000000000000004
2026/09/07 18:16:02.507, 70, 215.77 W, 2745 MHz, 10251 MHz, 8068 MiB, 95 %, 0x0000000000000004
2026/09/07 18:16:04.554, 71, 217.37 W, 2745 MHz, 10251 MHz, 8068 MiB, 95 %, 0x0000000000000004
2026/09/07 18:16:05.945, 72, 218.99 W, 2730 MHz, 10251 MHz, 8068 MiB, 95 %, 0x0000000000000004
2026/09/07 18:16:07.992, 73, 219.03 W, 2730 MHz, 10251 MHz, 8068 MiB, 95 %, 0x0000000000000004
2026/09/07 18:16:10.039, 73, 219.38 W, 2715 MHz, 10251 MHz, 8068 MiB, 95 %, 0x0000000000000004
2026/09/07 18:16:12.088, 73, 218.21 W, 2730 MHz, 10251 MHz, 8068 MiB, 95 %, 0x0000000000000004
2026/09/07 18:16:14.135, 74, 217.34 W, 2595 MHz, 10251 MHz, 8068 MiB, 85 %, 0x0000000000000004
2026/09/07 18:16:16.183, 77, 219.02 W, 2565 MHz, 10251 MHz, 8068 MiB, 94 %, 0x0000000000000004
2026/09/07 18:16:18.232, 75, 218.87 W, 2655 MHz, 10251 MHz, 8068 MiB, 94 %, 0x0000000000000004
2026/09/07 18:16:20.279, 75, 219.77 W, 2640 MHz, 10251 MHz, 8068 MiB, 95 %, 0x0000000000000004
2026/09/07 18:16:22.328, 75, 219.43 W, 2640 MHz, 10251 MHz, 8068 MiB, 95 %, 0x0000000000000004
2026/09/07 18:16:24.377, 75, 219.70 W, 2640 MHz, 10251 MHz, 8068 MiB, 95 %, 0x0000000000000004
2026/09/07 18:16:26.425, 76, 217.40 W, 2580 MHz, 10251 MHz, 8068 MiB, 96 %, 0x0000000000000004
2026/09/07 18:16:28.474, 78, 219.02 W, 2535 MHz, 10251 MHz, 8068 MiB, 93 %, 0x0000000000000004
2026/09/07 18:16:30.523, 76, 219.78 W, 2625 MHz, 10251 MHz, 8068 MiB, 95 %, 0x0000000000000004
2026/09/07 18:16:32.570, 76, 218.93 W, 2520 MHz, 10251 MHz, 8068 MiB, 96 %, 0x0000000000000004
2026/09/07 18:16:34.620, 76, 219.54 W, 2700 MHz, 10251 MHz, 8068 MiB, 95 %, 0x0000000000000004
2026/09/07 18:16:36.667, 75, 217.48 W, 2730 MHz, 10251 MHz, 8068 MiB, 90 %, 0x0000000000000004
2026/09/07 18:16:38.059, 76, 219.46 W, 2715 MHz, 10251 MHz, 8068 MiB, 95 %, 0x0000000000000004
2026/09/07 18:16:40.110, 61, 54.06 W, 2520 MHz, 10251 MHz, 5420 MiB, 0 %, 0x0000000000000001
2026/09/07 18:16:42.174, 59, 39.94 W, 2520 MHz, 10251 MHz, 5420 MiB, 3 %, 0x0000000000000001
2026/09/07 18:16:44.241, 58, 38.99 W, 2520 MHz, 10251 MHz, 5420 MiB, 1 %, 0x0000000000000001
2026/09/07 18:16:46.307, 57, 38.17 W, 2520 MHz, 10251 MHz, 5420 MiB, 2 %, 0x0000000000000001
2026/09/07 18:16:48.370, 56, 37.47 W, 2520 MHz, 10251 MHz, 5420 MiB, 3 %, 0x0000000000000001
2026/09/07 18:16:50.433, 55, 36.76 W, 2520 MHz, 10251 MHz, 5420 MiB, 0 %, 0x0000000000000001
2026/09/07 18:16:52.496, 54, 36.19 W, 2520 MHz, 10251 MHz, 8442 MiB, 2 %, 0x0000000000000001
2026/09/07 18:16:54.561, 55, 38.56 W, 2520 MHz, 10251 MHz, 8740 MiB, 5 %, 0x0000000000000001
2026/09/07 18:16:56.625, 65, 130.01 W, 2685 MHz, 10251 MHz, 8782 MiB, 81 %, 0x0000000000000004
2026/09/07 18:16:58.675, 71, 219.45 W, 2655 MHz, 10251 MHz, 8782 MiB, 86 %, 0x0000000000000004
2026/09/07 18:17:00.724, 72, 219.24 W, 2655 MHz, 10251 MHz, 8782 MiB, 87 %, 0x0000000000000004
2026/09/07 18:17:02.777, 74, 219.88 W, 2640 MHz, 10251 MHz, 8782 MiB, 87 %, 0x0000000000000004
2026/09/07 18:17:04.825, 74, 218.49 W, 2730 MHz, 10251 MHz, 8782 MiB, 84 %, 0x0000000000000004
2026/09/07 18:17:06.873, 73, 205.05 W, 2655 MHz, 10251 MHz, 8782 MiB, 84 %, 0x0000000000000004
2026/09/07 18:17:08.251, 74, 213.21 W, 2685 MHz, 10251 MHz, 8782 MiB, 88 %, 0x0000000000000004
2026/09/07 18:17:10.297, 75, 218.86 W, 2685 MHz, 10251 MHz, 8782 MiB, 89 %, 0x0000000000000004
2026/09/07 18:17:12.345, 75, 218.95 W, 2655 MHz, 10251 MHz, 8782 MiB, 88 %, 0x0000000000000004
2026/09/07 18:17:14.392, 74, 218.72 W, 2610 MHz, 10251 MHz, 8782 MiB, 89 %, 0x0000000000000004
2026/09/07 18:17:16.440, 72, 202.49 W, 2625 MHz, 10251 MHz, 8782 MiB, 84 %, 0x0000000000000004
2026/09/07 18:17:18.494, 76, 215.39 W, 2640 MHz, 10251 MHz, 8782 MiB, 88 %, 0x0000000000000004
2026/09/07 18:17:20.545, 76, 218.99 W, 2595 MHz, 10251 MHz, 8782 MiB, 89 %, 0x0000000000000004
2026/09/07 18:17:22.596, 79, 214.45 W, 2595 MHz, 10251 MHz, 8782 MiB, 85 %, 0x0000000000000004
2026/09/07 18:17:24.652, 77, 219.24 W, 2610 MHz, 10251 MHz, 8782 MiB, 85 %, 0x0000000000000004
2026/09/07 18:17:26.705, 76, 217.23 W, 2625 MHz, 10251 MHz, 8782 MiB, 85 %, 0x0000000000000004
2026/09/07 18:17:28.760, 62, 53.00 W, 2760 MHz, 10251 MHz, 776 MiB, 0 %, 0x0000000000000000
2026/09/07 18:17:30.813, 60, 51.38 W, 2760 MHz, 10251 MHz, 5420 MiB, 3 %, 0x0000000000000000
2026/09/07 18:17:32.864, 58, 39.13 W, 2520 MHz, 10251 MHz, 5420 MiB, 3 %, 0x0000000000000001
2026/09/07 18:17:34.928, 57, 38.45 W, 2520 MHz, 10251 MHz, 5420 MiB, 3 %, 0x0000000000000001
2026/09/07 18:17:36.989, 56, 37.63 W, 2520 MHz, 10251 MHz, 5420 MiB, 3 %, 0x0000000000000001
2026/09/07 18:17:39.052, 55, 36.91 W, 2520 MHz, 10251 MHz, 5420 MiB, 3 %, 0x0000000000000001
2026/09/07 18:17:40.424, 54, 39.54 W, 2520 MHz, 10251 MHz, 9100 MiB, 1 %, 0x0000000000000001
2026/09/07 18:17:42.488, 54, 36.22 W, 2520 MHz, 10251 MHz, 9586 MiB, 3 %, 0x0000000000000001
2026/09/07 18:17:44.548, 65, 165.99 W, 2745 MHz, 10251 MHz, 9656 MiB, 91 %, 0x0000000000000000
2026/09/07 18:17:46.593, 66, 177.28 W, 2745 MHz, 10251 MHz, 9656 MiB, 91 %, 0x0000000000000000
2026/09/07 18:17:48.640, 67, 175.92 W, 2745 MHz, 10251 MHz, 9656 MiB, 91 %, 0x0000000000000000
2026/09/07 18:17:50.697, 67, 179.08 W, 2745 MHz, 10251 MHz, 9656 MiB, 91 %, 0x0000000000000000
2026/09/07 18:17:52.750, 68, 179.73 W, 2745 MHz, 10251 MHz, 9656 MiB, 91 %, 0x0000000000000000
2026/09/07 18:17:54.804, 74, 202.14 W, 2595 MHz, 10251 MHz, 9656 MiB, 86 %, 0x0000000000000004
2026/09/07 18:17:56.861, 69, 200.16 W, 2745 MHz, 10251 MHz, 9656 MiB, 93 %, 0x0000000000000000
2026/09/07 18:17:58.914, 69, 188.10 W, 2745 MHz, 10251 MHz, 9656 MiB, 92 %, 0x0000000000000000
2026/09/07 18:18:00.968, 70, 187.85 W, 2745 MHz, 10251 MHz, 9656 MiB, 93 %, 0x0000000000000000
2026/09/07 18:18:03.023, 71, 190.07 W, 2745 MHz, 10251 MHz, 9656 MiB, 92 %, 0x0000000000000000
2026/09/07 18:18:05.074, 71, 191.58 W, 2670 MHz, 10251 MHz, 9656 MiB, 85 %, 0x0000000000000004
2026/09/07 18:18:07.123, 76, 206.51 W, 2550 MHz, 10251 MHz, 9656 MiB, 86 %, 0x0000000000000004
2026/09/07 18:18:09.213, 71, 190.72 W, 2745 MHz, 10251 MHz, 9656 MiB, 92 %, 0x0000000000000000
2026/09/07 18:18:11.263, 71, 190.14 W, 2745 MHz, 10251 MHz, 9656 MiB, 92 %, 0x0000000000000000
2026/09/07 18:18:12.621, 71, 181.61 W, 2745 MHz, 10251 MHz, 9656 MiB, 92 %, 0x0000000000000000
2026/09/07 18:18:14.664, 71, 181.43 W, 2745 MHz, 10251 MHz, 9656 MiB, 88 %, 0x0000000000000000
2026/09/07 18:18:16.706, 71, 179.95 W, 2745 MHz, 10251 MHz, 9656 MiB, 87 %, 0x0000000000000000
2026/09/07 18:18:18.748, 60, 52.31 W, 2760 MHz, 10251 MHz, 5420 MiB, 1 %, 0x0000000000000000
2026/09/07 18:18:20.795, 58, 46.13 W, 2520 MHz, 10251 MHz, 5420 MiB, 2 %, 0x0000000000000001
2026/09/07 18:18:22.872, 57, 37.94 W, 2520 MHz, 10251 MHz, 5420 MiB, 2 %, 0x0000000000000001
2026/09/07 18:18:24.948, 56, 37.24 W, 2520 MHz, 10251 MHz, 5420 MiB, 3 %, 0x0000000000000001
2026/09/07 18:18:27.025, 55, 36.76 W, 2520 MHz, 10251 MHz, 5420 MiB, 1 %, 0x0000000000000001
2026/09/07 18:18:29.099, 54, 36.33 W, 2520 MHz, 10251 MHz, 5420 MiB, 0 %, 0x0000000000000001
2026/09/07 18:18:31.166, 54, 36.10 W, 2520 MHz, 10251 MHz, 8442 MiB, 3 %, 0x0000000000000001
2026/09/07 18:18:33.234, 53, 38.33 W, 2520 MHz, 10251 MHz, 8760 MiB, 17 %, 0x0000000000000001
2026/09/07 18:18:35.302, 64, 134.40 W, 2685 MHz, 10251 MHz, 8782 MiB, 86 %, 0x0000000000000004
2026/09/07 18:18:37.352, 71, 218.25 W, 2655 MHz, 10251 MHz, 8782 MiB, 82 %, 0x0000000000000004
2026/09/07 18:18:39.400, 67, 210.17 W, 2565 MHz, 10251 MHz, 8782 MiB, 84 %, 0x0000000000000004
2026/09/07 18:18:41.450, 74, 200.02 W, 2595 MHz, 10251 MHz, 8782 MiB, 86 %, 0x0000000000000004
2026/09/07 18:18:43.497, 74, 219.08 W, 2670 MHz, 10251 MHz, 8782 MiB, 89 %, 0x0000000000000004
2026/09/07 18:18:44.835, 73, 218.74 W, 2685 MHz, 10251 MHz, 8782 MiB, 88 %, 0x0000000000000004
2026/09/07 18:18:46.859, 73, 219.20 W, 2655 MHz, 10251 MHz, 8782 MiB, 89 %, 0x0000000000000004
2026/09/07 18:18:48.883, 70, 214.04 W, 2640 MHz, 10251 MHz, 8782 MiB, 86 %, 0x0000000000000004
2026/09/07 18:18:50.907, 75, 219.12 W, 2655 MHz, 10251 MHz, 8782 MiB, 86 %, 0x0000000000000004
2026/09/07 18:18:52.955, 76, 219.73 W, 2640 MHz, 10251 MHz, 8782 MiB, 86 %, 0x0000000000000004
2026/09/07 18:18:55.007, 77, 219.07 W, 2640 MHz, 10251 MHz, 8782 MiB, 87 %, 0x0000000000000004
2026/09/07 18:18:57.057, 76, 220.07 W, 2610 MHz, 10251 MHz, 8782 MiB, 86 %, 0x0000000000000004
2026/09/07 18:18:59.107, 77, 212.78 W, 2535 MHz, 10251 MHz, 8782 MiB, 78 %, 0x0000000000000004
2026/09/07 18:19:01.166, 76, 206.02 W, 2655 MHz, 10251 MHz, 8782 MiB, 86 %, 0x0000000000000004
2026/09/07 18:19:03.263, 75, 218.06 W, 2655 MHz, 10251 MHz, 8782 MiB, 89 %, 0x0000000000000004
2026/09/07 18:19:05.336, 76, 218.85 W, 2685 MHz, 10251 MHz, 8782 MiB, 88 %, 0x0000000000000004
2026/09/07 18:19:07.400, 61, 52.75 W, 2760 MHz, 10251 MHz, 776 MiB, 0 %, 0x0000000000000000
2026/09/07 18:19:09.450, 58, 39.88 W, 2520 MHz, 10251 MHz, 5420 MiB, 3 %, 0x0000000000000001
2026/09/07 18:19:11.510, 57, 39.19 W, 2520 MHz, 10251 MHz, 5420 MiB, 1 %, 0x0000000000000001
2026/09/07 18:19:13.571, 56, 38.32 W, 2520 MHz, 10251 MHz, 5420 MiB, 2 %, 0x0000000000000001
2026/09/07 18:19:14.974, 55, 37.75 W, 2520 MHz, 10251 MHz, 5420 MiB, 3 %, 0x0000000000000001
2026/09/07 18:19:17.036, 55, 37.08 W, 2520 MHz, 10251 MHz, 5420 MiB, 2 %, 0x0000000000000001
2026/09/07 18:19:19.096, 54, 39.43 W, 2520 MHz, 10251 MHz, 9100 MiB, 0 %, 0x0000000000000001
2026/09/07 18:19:21.159, 54, 38.97 W, 2520 MHz, 10251 MHz, 9606 MiB, 23 %, 0x0000000000000001
2026/09/07 18:19:23.222, 62, 163.87 W, 2760 MHz, 10251 MHz, 9656 MiB, 87 %, 0x0000000000000000
2026/09/07 18:19:25.269, 66, 176.40 W, 2760 MHz, 10251 MHz, 9656 MiB, 86 %, 0x0000000000000000
2026/09/07 18:19:27.317, 66, 177.59 W, 2745 MHz, 10251 MHz, 9656 MiB, 91 %, 0x0000000000000000
2026/09/07 18:19:29.367, 71, 208.88 W, 2580 MHz, 10251 MHz, 9656 MiB, 78 %, 0x0000000000000004
2026/09/07 18:19:31.439, 69, 185.08 W, 2745 MHz, 10251 MHz, 9656 MiB, 92 %, 0x0000000000000000
2026/09/07 18:19:33.489, 69, 187.88 W, 2745 MHz, 10251 MHz, 9656 MiB, 92 %, 0x0000000000000000
2026/09/07 18:19:35.537, 69, 186.90 W, 2745 MHz, 10251 MHz, 9656 MiB, 92 %, 0x0000000000000000
2026/09/07 18:19:37.585, 69, 189.34 W, 2745 MHz, 10251 MHz, 9656 MiB, 92 %, 0x0000000000000000
2026/09/07 18:19:39.634, 70, 182.07 W, 2745 MHz, 10251 MHz, 9656 MiB, 92 %, 0x0000000000000000
2026/09/07 18:19:41.681, 70, 181.64 W, 2745 MHz, 10251 MHz, 9656 MiB, 91 %, 0x0000000000000000
2026/09/07 18:19:43.730, 70, 181.38 W, 2745 MHz, 10251 MHz, 9656 MiB, 91 %, 0x0000000000000000
2026/09/07 18:19:45.779, 70, 182.81 W, 2745 MHz, 10251 MHz, 9656 MiB, 91 %, 0x0000000000000000
2026/09/07 18:19:47.170, 70, 181.01 W, 2745 MHz, 10251 MHz, 9656 MiB, 91 %, 0x0000000000000000
2026/09/07 18:19:49.218, 70, 186.06 W, 2670 MHz, 10251 MHz, 9656 MiB, 84 %, 0x0000000000000004
2026/09/07 18:19:51.266, 75, 209.30 W, 2625 MHz, 10251 MHz, 9656 MiB, 86 %, 0x0000000000000004
2026/09/07 18:19:53.314, 72, 190.79 W, 2745 MHz, 10251 MHz, 9656 MiB, 92 %, 0x0000000000000000
2026/09/07 18:19:55.367, 72, 190.25 W, 2745 MHz, 10251 MHz, 9656 MiB, 93 %, 0x0000000000000000
2026/09/07 18:19:57.415, 61, 52.63 W, 2760 MHz, 10251 MHz, 5420 MiB, 1 %, 0x0000000000000000
2026/09/07 18:19:59.464, 58, 38.90 W, 2520 MHz, 10251 MHz, 5420 MiB, 2 %, 0x0000000000000001
2026/09/07 18:20:01.526, 57, 38.22 W, 2520 MHz, 10251 MHz, 5420 MiB, 3 %, 0x0000000000000001
2026/09/07 18:20:03.588, 56, 37.54 W, 2520 MHz, 10251 MHz, 5420 MiB, 1 %, 0x0000000000000001
2026/09/07 18:20:05.648, 55, 37.04 W, 2520 MHz, 10251 MHz, 5420 MiB, 3 %, 0x0000000000000001
2026/09/07 18:20:07.711, 54, 36.57 W, 2520 MHz, 10251 MHz, 5420 MiB, 0 %, 0x0000000000000001
2026/09/07 18:20:09.773, 67, 196.59 W, 2745 MHz, 10251 MHz, 8068 MiB, 87 %, 0x0000000000000004
2026/09/07 18:20:11.820, 70, 216.19 W, 2745 MHz, 10251 MHz, 8068 MiB, 94 %, 0x0000000000000004
2026/09/07 18:20:13.867, 71, 215.16 W, 2745 MHz, 10251 MHz, 8068 MiB, 95 %, 0x0000000000000004
2026/09/07 18:20:15.917, 73, 216.35 W, 2565 MHz, 10251 MHz, 8068 MiB, 94 %, 0x0000000000000004
2026/09/07 18:20:17.964, 75, 218.47 W, 2685 MHz, 10251 MHz, 8068 MiB, 95 %, 0x0000000000000004
2026/09/07 18:20:19.351, 73, 219.98 W, 2655 MHz, 10251 MHz, 8068 MiB, 95 %, 0x0000000000000004
2026/09/07 18:20:21.400, 73, 219.54 W, 2655 MHz, 10251 MHz, 8068 MiB, 96 %, 0x0000000000000004
2026/09/07 18:20:23.448, 74, 219.71 W, 2655 MHz, 10251 MHz, 8068 MiB, 95 %, 0x0000000000000004
2026/09/07 18:20:25.496, 74, 219.41 W, 2655 MHz, 10251 MHz, 8068 MiB, 96 %, 0x0000000000000004
2026/09/07 18:20:27.545, 74, 217.74 W, 2715 MHz, 10251 MHz, 8068 MiB, 95 %, 0x0000000000000004
2026/09/07 18:20:29.593, 74, 219.51 W, 2715 MHz, 10251 MHz, 8068 MiB, 95 %, 0x0000000000000004
2026/09/07 18:20:31.641, 75, 219.32 W, 2730 MHz, 10251 MHz, 8068 MiB, 93 %, 0x0000000000000004
2026/09/07 18:20:33.693, 75, 219.20 W, 2715 MHz, 10251 MHz, 8068 MiB, 95 %, 0x0000000000000004
2026/09/07 18:20:35.741, 76, 219.35 W, 2700 MHz, 10251 MHz, 8068 MiB, 95 %, 0x0000000000000004
2026/09/07 18:20:37.790, 75, 219.00 W, 2700 MHz, 10251 MHz, 8068 MiB, 95 %, 0x0000000000000004
2026/09/07 18:20:39.838, 76, 218.14 W, 2685 MHz, 10251 MHz, 8068 MiB, 95 %, 0x0000000000000004
2026/09/07 18:20:41.886, 76, 219.45 W, 2685 MHz, 10251 MHz, 8068 MiB, 95 %, 0x0000000000000004
2026/09/07 18:20:43.937, 78, 218.62 W, 2595 MHz, 10251 MHz, 8068 MiB, 93 %, 0x0000000000000004
2026/09/07 18:20:45.985, 76, 219.93 W, 2655 MHz, 10251 MHz, 8068 MiB, 95 %, 0x0000000000000004
2026/09/07 18:20:48.033, 77, 219.95 W, 2640 MHz, 10251 MHz, 8068 MiB, 96 %, 0x0000000000000004
2026/09/07 18:20:49.425, 62, 54.33 W, 2760 MHz, 10251 MHz, 5420 MiB, 41 %, 0x0000000000000000
2026/09/07 18:20:51.473, 59, 49.91 W, 2520 MHz, 10251 MHz, 5420 MiB, 2 %, 0x0000000000000001
2026/09/07 18:20:53.537, 58, 39.48 W, 2520 MHz, 10251 MHz, 5420 MiB, 2 %, 0x0000000000000001
2026/09/07 18:20:55.600, 57, 38.50 W, 2520 MHz, 10251 MHz, 5420 MiB, 2 %, 0x0000000000000001
2026/09/07 18:20:57.662, 56, 37.82 W, 2520 MHz, 10251 MHz, 5420 MiB, 3 %, 0x0000000000000001
2026/09/07 18:20:59.723, 55, 37.09 W, 2520 MHz, 10251 MHz, 5420 MiB, 1 %, 0x0000000000000001
2026/09/07 18:21:01.786, 55, 37.29 W, 2550 MHz, 10251 MHz, 9100 MiB, 4 %, 0x0000000000000001
2026/09/07 18:21:03.848, 55, 46.75 W, 2520 MHz, 10251 MHz, 9648 MiB, 35 %, 0x0000000000000001
2026/09/07 18:21:05.911, 72, 199.33 W, 2565 MHz, 10251 MHz, 9656 MiB, 85 %, 0x0000000000000004
2026/09/07 18:21:07.960, 67, 195.10 W, 2745 MHz, 10251 MHz, 9656 MiB, 92 %, 0x0000000000000000
2026/09/07 18:21:10.008, 68, 186.70 W, 2745 MHz, 10251 MHz, 9656 MiB, 92 %, 0x0000000000000000
2026/09/07 18:21:12.068, 67, 192.00 W, 2655 MHz, 10251 MHz, 9656 MiB, 78 %, 0x0000000000000004
2026/09/07 18:21:14.125, 68, 180.12 W, 2745 MHz, 10251 MHz, 9656 MiB, 92 %, 0x0000000000000000
2026/09/07 18:21:16.184, 69, 178.27 W, 2745 MHz, 10251 MHz, 9656 MiB, 91 %, 0x0000000000000000
2026/09/07 18:21:18.243, 68, 192.60 W, 2670 MHz, 10251 MHz, 9656 MiB, 85 %, 0x0000000000000004
2026/09/07 18:21:20.299, 75, 209.10 W, 2670 MHz, 10251 MHz, 9656 MiB, 87 %, 0x0000000000000004
2026/09/07 18:21:21.650, 71, 188.44 W, 2745 MHz, 10251 MHz, 9656 MiB, 92 %, 0x0000000000000000
2026/09/07 18:21:23.701, 70, 188.98 W, 2745 MHz, 10251 MHz, 9656 MiB, 90 %, 0x0000000000000000
2026/09/07 18:21:25.753, 71, 191.00 W, 2745 MHz, 10251 MHz, 9656 MiB, 93 %, 0x0000000000000000
2026/09/07 18:21:27.802, 71, 189.51 W, 2745 MHz, 10251 MHz, 9656 MiB, 93 %, 0x0000000000000000
2026/09/07 18:21:29.852, 70, 182.01 W, 2745 MHz, 10251 MHz, 9656 MiB, 91 %, 0x0000000000000000
2026/09/07 18:21:31.903, 70, 181.52 W, 2745 MHz, 10251 MHz, 9656 MiB, 87 %, 0x0000000000000000
2026/09/07 18:21:33.952, 71, 182.34 W, 2745 MHz, 10251 MHz, 9656 MiB, 91 %, 0x0000000000000000
2026/09/07 18:21:36.002, 70, 184.40 W, 2745 MHz, 10251 MHz, 9656 MiB, 91 %, 0x0000000000000000
2026/09/07 18:21:38.052, 66, 149.08 W, 2745 MHz, 10501 MHz, 592 MiB, 8 %, 0x0000000000000000
2026/09/07 18:21:40.101, 59, 46.48 W, 2520 MHz, 10251 MHz, 5420 MiB, 0 %, 0x0000000000000001
2026/09/07 18:21:42.170, 57, 38.66 W, 2520 MHz, 10251 MHz, 5420 MiB, 3 %, 0x0000000000000001
2026/09/07 18:21:44.234, 56, 37.91 W, 2520 MHz, 10251 MHz, 5420 MiB, 2 %, 0x0000000000000001
2026/09/07 18:21:46.300, 56, 36.97 W, 2520 MHz, 10251 MHz, 5420 MiB, 3 %, 0x0000000000000001
2026/09/07 18:21:48.363, 55, 36.61 W, 2520 MHz, 10251 MHz, 5420 MiB, 3 %, 0x0000000000000001
2026/09/07 18:21:50.426, 54, 41.33 W, 2520 MHz, 10251 MHz, 8044 MiB, 22 %, 0x0000000000000001
2026/09/07 18:21:52.488, 72, 217.13 W, 2580 MHz, 10251 MHz, 8068 MiB, 94 %, 0x0000000000000004
2026/09/07 18:21:53.852, 71, 218.07 W, 2670 MHz, 10251 MHz, 8068 MiB, 95 %, 0x0000000000000004
2026/09/07 18:21:55.901, 72, 219.51 W, 2655 MHz, 10251 MHz, 8068 MiB, 95 %, 0x0000000000000004
2026/09/07 18:21:57.951, 72, 217.26 W, 2730 MHz, 10251 MHz, 8068 MiB, 95 %, 0x0000000000000004
2026/09/07 18:21:59.999, 73, 219.23 W, 2715 MHz, 10251 MHz, 8068 MiB, 95 %, 0x0000000000000004
2026/09/07 18:22:02.052, 73, 218.03 W, 2745 MHz, 10251 MHz, 8068 MiB, 94 %, 0x0000000000000004
2026/09/07 18:22:04.099, 76, 218.82 W, 2595 MHz, 10251 MHz, 8068 MiB, 94 %, 0x0000000000000004
2026/09/07 18:22:06.148, 77, 217.68 W, 2670 MHz, 10251 MHz, 8068 MiB, 95 %, 0x0000000000000004
2026/09/07 18:22:08.196, 74, 219.71 W, 2640 MHz, 10251 MHz, 8068 MiB, 95 %, 0x0000000000000004
2026/09/07 18:22:10.247, 74, 219.76 W, 2655 MHz, 10251 MHz, 8068 MiB, 95 %, 0x0000000000000004
2026/09/07 18:22:12.296, 75, 219.68 W, 2655 MHz, 10251 MHz, 8068 MiB, 95 %, 0x0000000000000004
2026/09/07 18:22:14.346, 75, 219.72 W, 2655 MHz, 10251 MHz, 8068 MiB, 95 %, 0x0000000000000004
2026/09/07 18:22:16.395, 74, 218.39 W, 2715 MHz, 10251 MHz, 8068 MiB, 95 %, 0x0000000000000004
2026/09/07 18:22:18.444, 75, 219.68 W, 2715 MHz, 10251 MHz, 8068 MiB, 95 %, 0x0000000000000004
2026/09/07 18:22:20.493, 76, 219.56 W, 2730 MHz, 10251 MHz, 8068 MiB, 95 %, 0x0000000000000000
2026/09/07 18:22:22.542, 76, 218.79 W, 2700 MHz, 10251 MHz, 8068 MiB, 95 %, 0x0000000000000004
2026/09/07 18:22:23.916, 76, 219.63 W, 2715 MHz, 10251 MHz, 8068 MiB, 95 %, 0x0000000000000004
2026/09/07 18:22:25.970, 76, 219.58 W, 2700 MHz, 10251 MHz, 8068 MiB, 95 %, 0x0000000000000004
2026/09/07 18:22:28.019, 76, 219.43 W, 2715 MHz, 10251 MHz, 8068 MiB, 95 %, 0x0000000000000004
2026/09/07 18:22:30.068, 64, 150.45 W, 2745 MHz, 10501 MHz, 592 MiB, 0 %, 0x0000000000000000
2026/09/07 18:22:32.116, 60, 45.75 W, 2520 MHz, 10251 MHz, 5420 MiB, 0 %, 0x0000000000000001
2026/09/07 18:22:34.178, 58, 39.69 W, 2520 MHz, 10251 MHz, 5420 MiB, 2 %, 0x0000000000000001
2026/09/07 18:22:36.241, 57, 38.98 W, 2520 MHz, 10251 MHz, 5420 MiB, 4 %, 0x0000000000000001
2026/09/07 18:22:38.303, 56, 38.16 W, 2520 MHz, 10251 MHz, 5420 MiB, 3 %, 0x0000000000000001
2026/09/07 18:22:40.366, 56, 37.27 W, 2520 MHz, 10251 MHz, 5420 MiB, 1 %, 0x0000000000000001
2026/09/07 18:22:42.427, 55, 39.90 W, 2550 MHz, 10251 MHz, 8442 MiB, 4 %, 0x0000000000000001
2026/09/07 18:22:44.491, 54, 36.67 W, 2520 MHz, 10251 MHz, 8442 MiB, 0 %, 0x0000000000000001
2026/09/07 18:22:46.554, 63, 79.11 W, 2655 MHz, 10251 MHz, 8772 MiB, 71 %, 0x0000000000000004
2026/09/07 18:22:48.602, 72, 202.99 W, 2610 MHz, 10251 MHz, 8780 MiB, 84 %, 0x0000000000000004
2026/09/07 18:22:50.670, 72, 209.97 W, 2685 MHz, 10251 MHz, 8782 MiB, 88 %, 0x0000000000000004
2026/09/07 18:22:52.723, 71, 219.09 W, 2670 MHz, 10251 MHz, 8782 MiB, 88 %, 0x0000000000000004
2026/09/07 18:22:54.771, 74, 212.58 W, 2685 MHz, 10251 MHz, 8782 MiB, 77 %, 0x0000000000000004
2026/09/07 18:22:56.149, 75, 219.27 W, 2700 MHz, 10251 MHz, 8782 MiB, 86 %, 0x0000000000000004
2026/09/07 18:22:58.196, 73, 218.31 W, 2655 MHz, 10251 MHz, 8782 MiB, 85 %, 0x0000000000000004
2026/09/07 18:23:00.244, 77, 206.56 W, 2580 MHz, 10251 MHz, 8782 MiB, 78 %, 0x0000000000000004
2026/09/07 18:23:02.296, 72, 207.11 W, 2685 MHz, 10251 MHz, 8782 MiB, 89 %, 0x0000000000000004
2026/09/07 18:23:04.344, 74, 218.61 W, 2685 MHz, 10251 MHz, 8782 MiB, 89 %, 0x0000000000000004
2026/09/07 18:23:06.394, 75, 218.57 W, 2670 MHz, 10251 MHz, 8782 MiB, 87 %, 0x0000000000000004
2026/09/07 18:23:08.447, 76, 219.30 W, 2655 MHz, 10251 MHz, 8782 MiB, 88 %, 0x0000000000000004
2026/09/07 18:23:10.496, 76, 218.31 W, 2610 MHz, 10251 MHz, 8782 MiB, 86 %, 0x0000000000000004
2026/09/07 18:23:12.549, 77, 219.08 W, 2640 MHz, 10251 MHz, 8782 MiB, 86 %, 0x0000000000000004
2026/09/07 18:23:14.599, 76, 219.34 W, 2625 MHz, 10251 MHz, 8782 MiB, 87 %, 0x0000000000000004
2026/09/07 18:23:16.649, 76, 214.47 W, 2625 MHz, 10251 MHz, 8782 MiB, 85 %, 0x0000000000000004
2026/09/07 18:23:18.701, 75, 200.38 W, 2745 MHz, 10251 MHz, 8084 MiB, 72 %, 0x0000000000000000
