case,metric,method,samples,quarter_samples,first_quarter_p50_us,last_quarter_p50_us,late_vs_early_percent
bfloat16-1x1024,graph_gpu,eager,2196,549,10.21320944608644,10.20502351051153,-0.08015047197573733
bfloat16-1x1024,graph_gpu,compiled,2196,549,0.9165321808516211,0.9162575006484985,-0.029969509948613027
bfloat16-1x1024,graph_gpu,triton_fused,2196,549,1.0177476065499442,1.0160761929693676,-0.164226726726735
bfloat16-1x1024,wall,eager,2196,549,72.95922926829269,73.14287804878049,0.2517142551115459
bfloat16-1x1024,wall,compiled,2196,549,68.63288532110091,68.95521100917432,0.4696373852933533
bfloat16-1x1024,wall,triton_fused,2196,549,27.560443319838058,27.569625506072875,0.033316540406325146
bfloat16-1x4096,graph_gpu,eager,2187,546,10.632975799281423,10.628255765612533,-0.044390523951065575
bfloat16-1x4096,graph_gpu,compiled,2187,546,1.314938662607977,1.3149324918817158,-0.00046927863913692747
bfloat16-1x4096,graph_gpu,triton_fused,2187,546,1.4176106098854895,1.417716147482592,0.007444752202512284
bfloat16-1x4096,wall,eager,2187,546,72.9582756097561,72.52228536585366,-0.5975884712989821
bfloat16-1x4096,wall,compiled,2187,546,67.75919354838709,67.52658525345622,-0.3432866932879919
bfloat16-1x4096,wall,triton_fused,2187,546,27.423280821917807,27.30256555772994,-0.44019264132461045
bfloat16-32x1024,graph_gpu,eager,2199,549,11.983111500740051,12.02844414446089,0.37830444720503564
bfloat16-32x1024,graph_gpu,compiled,2199,549,1.0383438773271514,1.042809791681243,0.4300997436020637
bfloat16-32x1024,graph_gpu,triton_fused,2199,549,1.137967893784059,1.1435214051588334,0.488020040381576
bfloat16-32x1024,wall,eager,2199,549,74.057485,73.64823,-0.5526180101849243
bfloat16-32x1024,wall,compiled,2199,549,68.85736238532111,68.3696880733945,-0.7082384439845657
bfloat16-32x1024,wall,triton_fused,2199,549,27.418574596774192,27.356352822580646,-0.2269329281649357
bfloat16-32x4096,graph_gpu,eager,2184,546,16.27022248727304,16.26192640375208,-0.05098936740075555
bfloat16-32x4096,graph_gpu,compiled,2184,546,1.5283701046505858,1.5278006787826157,-0.03725706661216188
bfloat16-32x4096,graph_gpu,triton_fused,2184,546,1.6599227332700635,1.6597992665058858,-0.007438103093770909
bfloat16-32x4096,wall,eager,2184,546,75.87224102564102,75.9387282051282,0.08763044110522422
bfloat16-32x4096,wall,compiled,2184,546,68.85742694063927,69.04998858447487,0.2796526858338755
bfloat16-32x4096,wall,triton_fused,2184,546,28.134728915662652,28.105103413654618,-0.1052986936424416
bfloat16-512x1024,graph_gpu,eager,2193,548,20.596227185292676,20.591999996792186,-0.020524091438978154
bfloat16-512x1024,graph_gpu,compiled,2193,548,2.4358181452209298,2.4354545907540754,-0.014925353420480736
bfloat16-512x1024,graph_gpu,triton_fused,2193,548,2.1596364300660413,2.158707139467952,-0.043029955651419094
bfloat16-512x1024,wall,eager,2193,548,75.3040228426396,75.2241040609137,-0.10612817046029566
bfloat16-512x1024,wall,compiled,2193,548,68.11486486486487,68.11622522522522,0.0019971563667509074
bfloat16-512x1024,wall,triton_fused,2193,548,27.830545362903226,27.802105846774193,-0.10218813809859117
bfloat16-512x4096,graph_gpu,eager,2325,581,53.10577816433377,53.14844515588548,0.08034340711415844
bfloat16-512x4096,graph_gpu,compiled,2325,581,5.839135195757891,5.8629190599596175,0.40731826553708217
bfloat16-512x4096,graph_gpu,triton_fused,2325,581,7.016635130322169,7.022729941776821,0.08686231137078337
bfloat16-512x4096,wall,eager,2325,581,75.0539109947644,74.9764607329843,-0.10319283932519463
bfloat16-512x4096,wall,compiled,2325,581,68.86190825688074,68.58716055045872,-0.3989835794226182
bfloat16-512x4096,wall,triton_fused,2325,581,27.96770065075922,27.86420173535792,-0.37006587239230004
bfloat16-4096x1024,graph_gpu,eager,2379,594,182.19733238220215,182.2506586710612,0.029268424604134147
bfloat16-4096x1024,graph_gpu,compiled,2379,594,36.369229738528915,36.3716918688554,0.0067698170794106005
bfloat16-4096x1024,graph_gpu,triton_fused,2379,594,8.965224635844327,8.999836688139,0.38607010644540196
bfloat16-4096x1024,wall,eager,2379,594,187.21981645569622,187.34878481012657,0.06888605964470162
bfloat16-4096x1024,wall,compiled,2379,594,69.10886915887849,69.20309813084111,0.13634859477442696
bfloat16-4096x1024,wall,triton_fused,2379,594,28.54267120181406,28.508650793650794,-0.11919139565711445
bfloat16-4096x4096,graph_gpu,eager,2220,555,1692.3840045928955,1692.3199892044067,-0.003782556932407921
bfloat16-4096x4096,graph_gpu,compiled,2220,555,223.40265909830728,223.34933280944824,-0.023870033183259753
bfloat16-4096x4096,graph_gpu,triton_fused,2220,555,208.1813414891561,208.21332931518555,0.0153653664639819
bfloat16-4096x4096,wall,eager,2220,555,1726.0514444444443,1726.5355555555554,0.028047316473056583
bfloat16-4096x4096,wall,compiled,2220,555,243.0481129032258,243.11637096774194,0.028084177943532573
bfloat16-4096x4096,wall,triton_fused,2220,555,217.14964516129032,217.17882258064515,0.013436549404977072
float32-1x1024,graph_gpu,eager,2208,552,6.250666535418967,6.24997093193773,-0.011128468896803856
float32-1x1024,graph_gpu,compiled,2208,552,0.9761839077390474,0.9761103268327385,-0.007537606974017397
float32-1x1024,graph_gpu,triton_fused,2208,552,1.0686716937779783,1.0687017575242466,0.0028131882263915386
float32-1x1024,wall,eager,2208,552,50.023580204778156,49.85203754266212,-0.34292360005782063
float32-1x1024,wall,compiled,2208,552,68.51416587677726,68.35860900473935,-0.22704337131925767
float32-1x1024,wall,triton_fused,2208,552,27.493260040160642,27.444502008032128,-0.1773454004992181
float32-1x4096,graph_gpu,eager,2187,546,6.6673232958867,6.659446312830998,-0.11814310940285733
float32-1x4096,graph_gpu,compiled,2187,546,1.588782261218532,1.5884280424716288,-0.022294983746329322
float32-1x4096,graph_gpu,triton_fused,2187,546,1.5945278357395896,1.5942620522027564,-0.016668478961356925
float32-1x4096,wall,eager,2187,546,49.79423979591837,49.677197278911564,-0.2350523222896972
float32-1x4096,wall,compiled,2187,546,69.50694907407407,69.23562962962963,-0.3903486601825934
float32-1x4096,wall,triton_fused,2187,546,27.35488346613546,27.279279880478086,-0.276380580275426
float32-32x1024,graph_gpu,eager,2199,549,7.921185206483911,7.930074025083472,0.1122157652908351
float32-32x1024,graph_gpu,compiled,2199,549,1.1102499750753243,1.1105625114093225,0.02815008700873811
float32-32x1024,graph_gpu,triton_fused,2199,549,1.2194644182156293,1.2206495487452234,0.09718451083042812
float32-32x1024,wall,eager,2199,549,50.613394463667824,50.689515570934255,0.15039715884117566
float32-32x1024,wall,compiled,2199,549,67.9784495412844,68.29619724770642,0.46742417422898086
float32-32x1024,wall,triton_fused,2199,549,27.3593125,27.391541015625,0.11779724225524646
float32-32x4096,graph_gpu,eager,2184,546,12.02377759748035,11.970666547616323,-0.4417168351080969
float32-32x4096,graph_gpu,compiled,2184,546,1.9365765221484073,1.9299459081512313,-0.3423884324395332
float32-32x4096,graph_gpu,triton_fused,2184,546,1.9793578107422645,1.9704953792991988,-0.4477427676273571
float32-32x4096,wall,eager,2184,546,51.60891433566434,51.75761188811188,0.2881237754400523
float32-32x4096,wall,compiled,2184,546,69.07986111111111,69.51624305555555,0.6317064589092647
float32-32x4096,wall,triton_fused,2184,546,27.901711267605634,27.962620724346078,0.21830007541925323
float32-512x1024,graph_gpu,eager,2298,574,15.26090310465905,15.266064674623552,0.033822178996256724
float32-512x1024,graph_gpu,compiled,2298,574,3.5617851521358017,3.564165397123857,0.06682730390483727
float32-512x1024,graph_gpu,triton_fused,2298,574,3.6580337811324557,3.6599322900933733,0.05189971100620916
float32-512x1024,wall,eager,2298,574,50.61094599303136,50.50262020905923,-0.21403627584246632
float32-512x1024,wall,compiled,2298,574,68.74099289099526,68.15944549763033,-0.8459979539240936
float32-512x1024,wall,triton_fused,2298,574,27.199905010438414,27.142273486430064,-0.2118813429173083
float32-512x4096,graph_gpu,eager,2481,620,42.152002453804016,42.21599797407786,0.15182083068052687
float32-512x4096,graph_gpu,compiled,2481,620,12.819764368674335,12.898823355927187,0.6166961028241325
float32-512x4096,graph_gpu,triton_fused,2481,620,12.180888818369972,12.273777690198687,0.762578767557831
float32-512x4096,wall,eager,2481,620,54.13623800738007,54.43143542435425,0.5452861666042086
float32-512x4096,wall,compiled,2481,620,68.63461009174313,68.67343119266056,0.056561989447501126
float32-512x4096,wall,triton_fused,2481,620,28.20583606557377,28.13079156908665,-0.2660601739039148
float32-4096x1024,graph_gpu,eager,2190,547,185.73866287867227,185.76000134150186,0.011488433532824693
float32-4096x1024,graph_gpu,compiled,2190,547,99.72479939460754,99.72479939460754,0.0
float32-4096x1024,graph_gpu,triton_fused,2190,547,111.54559850692749,111.46240234375,-0.07458489110381272
float32-4096x1024,wall,eager,2190,547,193.91385714285715,193.98544155844158,0.036915575111118315
float32-4096x1024,wall,compiled,2190,547,113.2390076923077,113.40258461538461,0.14445280509820524
float32-4096x1024,wall,triton_fused,2190,547,119.08757391304347,119.17546086956521,0.0738002745659383
float32-4096x4096,graph_gpu,eager,2064,516,1470.7520008087158,1470.7040190696716,-0.003262394952907588
float32-4096x4096,graph_gpu,compiled,2064,516,452.91200280189514,452.91200280189514,0.0
float32-4096x4096,graph_gpu,triton_fused,2064,516,433.6960017681122,433.6960017681122,0.0
float32-4096x4096,wall,eager,2064,516,1497.355,1497.60515,0.01670612513398062
float32-4096x4096,wall,compiled,2064,516,470.66362121212126,470.9000454545454,0.050232104579328585
float32-4096x4096,wall,triton_fused,2064,516,453.5871875,453.488890625,-0.02167099902926628
