run,case,metric,method,p50_us,p95_us,min_us,max_us,rounds,measured_seconds,measured_calls,speedup,ci95_low,ci95_high
run1,bfloat16-1x1024,graph_gpu,eager,10.206511547399122,10.28084321770557,10.185581307078516,11.19697648425435,2196,30.876449439048667,3021696,1,1,1
run1,bfloat16-1x1024,graph_gpu,compiled,0.9163948727268006,0.9216963605307714,0.9147467915080648,1.0039484679954758,2196,30.03962749671931,32746752,11.137678582845943,11.136866307477998,11.140114652641245
run1,bfloat16-1x1024,graph_gpu,triton_fused,1.016228539603097,1.0243047560964311,1.01478092727207,1.1096381005786715,2196,30.040413097381407,29514240,10.04351988715592,10.039715209911549,10.044881518624933
run1,bfloat16-1x1024,wall,eager,72.96205609756097,75.92433780487805,71.80398536585365,113.88371707317073,2196,33.07766136799999,450180,1,1,1
run1,bfloat16-1x1024,wall,compiled,68.53883256880734,71.76877178899082,66.73312385321101,92.19860550458715,2196,33.04016218700004,478728,1.0645360208654429,1.061527992409469,1.0667352040498614
run1,bfloat16-1x1024,wall,triton_fused,27.512608299595144,28.37815334008097,26.92758299595142,39.45423481781376,2196,30.004924411999962,1084824,2.651949800725896,2.6494247138025884,2.6545172642903916
run1,bfloat16-1x4096,graph_gpu,eager,10.627122187032931,10.67785373548182,10.609950961136237,11.751805136843425,2187,30.525878475189124,2869344,1,1,1
run1,bfloat16-1x4096,graph_gpu,compiled,1.3148466502230591,1.3227975624470623,1.313865001947602,1.4363680880493912,2187,30.024598396301432,22814784,8.082404275228656,8.081216797633088,8.086485262011944
run1,bfloat16-1x4096,graph_gpu,triton_fused,1.4176106098854895,1.4201451842934385,1.4169768925153776,1.550679848139042,2187,30.073674983024784,21205152,7.496502998020986,7.495496856919445,7.500288150138354
run1,bfloat16-1x4096,wall,eager,72.80614634146342,74.74880975609756,71.13978536585367,86.66884390243904,2187,32.779614293999984,448335,1,1,1
run1,bfloat16-1x4096,wall,compiled,67.7356267281106,69.88457096774194,66.17131797235022,82.2117741935484,2187,32.32019790800006,474579,1.0748574990485549,1.0726581441217296,1.0762952128959222
run1,bfloat16-1x4096,wall,triton_fused,27.33028180039139,27.981071624266143,26.703454011741684,32.924172211350296,2187,30.688843974000076,1117557,2.663936906073935,2.661424805043678,2.666459141347821
run1,bfloat16-32x1024,graph_gpu,eager,12.016000019179451,12.071849736902449,11.952888634469774,13.117333253224691,2199,30.437000787735077,2533248,1,1,1
run1,bfloat16-32x1024,graph_gpu,compiled,1.0421853966829253,1.0487448951093161,1.0373463717902578,1.1363902469960654,2199,30.060819360733095,28850880,11.529618489593172,11.527079990676311,11.5384873493718
run1,bfloat16-32x1024,graph_gpu,triton_fused,1.1419892948579022,1.1466855830687253,1.1365988994027203,1.2580053532187314,2199,30.04772870254532,26317632,10.52199006880761,10.52121137500744,10.528968619519908
run1,bfloat16-32x1024,wall,eager,73.782975,76.39764749999999,72.36738,118.93001,2199,32.64225748099993,439800,1,1,1
run1,bfloat16-32x1024,wall,compiled,68.49723394495413,71.30119541284404,66.81944036697249,110.76652752293577,2199,33.05215390000003,479382,1.0771672190338897,1.0754612185350727,1.0782727771322125
run1,bfloat16-32x1024,wall,triton_fused,27.36735483870968,28.166746169354838,26.799387096774193,48.6143185483871,2199,30.014608584999994,1090704,2.696021425338406,2.6933137897301074,2.6985836140401434
run1,bfloat16-32x4096,graph_gpu,eager,16.264129568029333,16.31762915187412,16.221629248725044,17.7967404877698,2184,30.707194756507803,1886976,1,1,1
run1,bfloat16-32x4096,graph_gpu,compiled,1.5278006787826157,1.5301921825816198,1.5269822285268655,1.6645871871731035,2184,30.018568696975983,19638528,10.64545250823487,10.644010458687537,10.64556897092673
run1,bfloat16-32x4096,graph_gpu,triton_fused,1.6598899392087487,1.662004626855887,1.6583166297338183,1.8206641480729386,2184,30.057590592384322,18100992,9.798318059438486,9.7975107179122,9.798953746084864
run1,bfloat16-32x4096,wall,eager,75.89524615384614,77.65844205128205,74.30393333333333,97.58628205128205,2184,32.461916088000045,425880,1,1,1
run1,bfloat16-32x4096,wall,compiled,68.84605479452054,71.39969794520547,67.05838812785389,86.01836529680365,2184,33.085240217999996,478296,1.1023906363315192,1.1009027645182616,1.103968224759859
run1,bfloat16-32x4096,wall,triton_fused,28.086126506024097,28.691782128514056,27.456293172690764,33.88659437751004,2184,30.666044934000098,1087632,2.7022325822525803,2.7002180027945744,2.7041255189777806
run1,bfloat16-512x1024,graph_gpu,eager,20.593454891985115,20.641745220531117,20.54836397821253,22.541090846061707,2193,31.823898155212284,1543872,1,1,1
run1,bfloat16-512x1024,graph_gpu,compiled,2.435636283321814,2.4439898065545345,2.4290909482674166,2.6569090444933283,2193,30.114244665146035,12350976,8.45506163338106,8.454949285118131,8.455546621922023
run1,bfloat16-512x1024,graph_gpu,triton_fused,2.159030298994045,2.1614545222484702,2.153525298291987,2.4956767306183325,2193,30.025163152694848,13894848,9.538288972405901,9.537574856967748,9.538311581158586
run1,bfloat16-512x1024,wall,eager,75.1025888324873,77.59868121827411,73.54057868020305,168.52799492385788,2193,32.633007806,432021,1,1,1
run1,bfloat16-512x1024,wall,compiled,67.81978378378379,70.57122792792794,65.72204504504505,110.73878378378377,2193,33.21827954000005,486846,1.1073846692275193,1.1056023639734665,1.1089352049053018
run1,bfloat16-512x1024,wall,triton_fused,27.79376814516129,28.546648790322582,27.057651209677417,115.42746975806452,2193,30.421537438999977,1087728,2.7021377036838437,2.6995823817121343,2.704760905949243
run1,bfloat16-512x4096,graph_gpu,eager,53.10222175386217,55.77244361241659,52.53688825501336,57.543112172020805,2325,35.971871734619135,669600,1,1,1
run1,bfloat16-512x4096,graph_gpu,compiled,5.862053987142202,6.21621632898176,5.763459447267893,6.384000182151794,2325,32.56451725387574,5505600,9.058637445225905,9.046928503588372,9.074184485266471
run1,bfloat16-512x4096,graph_gpu,triton_fused,7.019682536049495,7.410285491791982,6.882031758626302,7.548952386492775,2325,33.249396930694616,4687200,7.564761152823699,7.554535584735277,7.57982573657087
run1,bfloat16-512x4096,wall,eager,75.01149738219895,77.18631413612565,73.52196858638743,147.0230680628272,2325,33.49883304599997,444075,1,1,1
run1,bfloat16-512x4096,wall,compiled,68.64037155963302,71.02555963302751,66.84039908256881,88.23258715596332,2325,34.96786090299996,506850,1.0928189297027748,1.0909860318394686,1.0939827650709455
run1,bfloat16-512x4096,wall,triton_fused,27.882854663774403,28.528239045553146,27.30693275488069,55.62626030368763,2325,30.02674726500005,1071825,2.6902373622330145,2.688020862248452,2.692300163738764
run1,bfloat16-4096x1024,graph_gpu,eager,182.26132790247598,183.72373978296915,181.52532974878946,186.35733922322592,2379,41.64998244857787,228384,1,1,1
run1,bfloat16-4096x1024,graph_gpu,compiled,36.3716918688554,36.43569120993981,14.052922909076397,36.99938379801237,2379,35.343632314205166,989664,5.011076431628521,5.010490300120217,5.0116631093917245
run1,bfloat16-4096x1024,graph_gpu,triton_fused,8.99722442335012,9.20372270807928,8.884898253849574,9.687510071968546,2379,33.64116256809254,3730272,20.257506018129412,20.254564966343448,20.261070655290666
run1,bfloat16-4096x1024,wall,eager,187.36111392405064,190.15573037974684,185.67826582278482,198.963582278481,2379,35.275149711,187941,1,1,1
run1,bfloat16-4096x1024,wall,compiled,69.1647429906542,71.5027953271028,66.94295794392524,83.77801401869158,2379,35.378675153999986,509106,2.708910722756066,2.7037675452737746,2.7133899066895695
run1,bfloat16-4096x1024,wall,triton_fused,28.486755102040817,29.207415192743763,27.628866213151927,34.56572789115646,2379,30.005411847999994,1049139,6.577130784215852,6.570146462260425,6.585032485503528
run1,bfloat16-4096x4096,graph_gpu,eager,1692.352056503296,1712.2912228107452,1689.2800331115723,1720.128059387207,2220,120.39138512420674,71040,1,1,1
run1,bfloat16-4096x4096,graph_gpu,compiled,223.38134050369263,225.03573993841806,221.4613358179728,228.48000129063925,2220,47.60951008033755,213120,7.576067243070915,7.5753442834294304,7.5771529523535035
run1,bfloat16-4096x4096,graph_gpu,triton_fused,208.21332931518555,213.39733600616438,204.40532763799033,230.4640014966329,2220,44.48513445663455,213120,8.12797173970297,8.1271377155428,8.128958264264295
run1,bfloat16-4096x4096,wall,eager,1726.335722222222,1749.0202222222222,1707.4872222222223,1807.4642222222221,2220,34.55127682300001,19980,1,1,1
run1,bfloat16-4096x4096,wall,compiled,243.1209274193548,246.65212661290323,240.84159677419356,258.4449516129032,2220,33.52190684600001,137640,7.100728598507266,7.098445011561824,7.10259103411456
run1,bfloat16-4096x4096,wall,triton_fused,217.16285483870968,221.19851290322578,210.845,253.71324193548386,2220,30.013347744000036,137640,7.949498193438281,7.947894672903103,7.951299161629827
run1,float32-1x1024,graph_gpu,eager,6.250203087709952,6.293796974679698,6.233971188033837,7.038144961647365,2208,30.496345963478014,4875264,1,1,1
run1,float32-1x1024,graph_gpu,compiled,0.9761678076338494,0.9823990895830351,0.9751540490950661,1.0693149320010482,2208,30.034443659782582,30735360,6.402795747649097,6.401851782283558,6.403603113154656
run1,float32-1x1024,graph_gpu,triton_fused,1.0686716937779783,1.0765313654017628,1.0680200760824639,1.1837593744273174,2208,30.1769278182983,28191744,5.8485717588478225,5.845509952643833,5.849005425905454
run1,float32-1x1024,wall,eager,49.92506655290103,51.70046723549488,48.96269624573379,96.61234129692834,2208,32.511578386,646944,1,1,1
run1,float32-1x1024,wall,compiled,68.40002843601896,72.01664597156399,66.55184360189574,117.91528909952606,2208,32.12253843100002,465888,0.7298983303727817,0.729142644129161,0.7306809072809973
run1,float32-1x1024,wall,triton_fused,27.43770582329317,28.456760742971888,26.741267068273093,55.859269076305225,2208,30.353729416999983,1099584,1.819578753210382,1.8178028398495878,1.8212141332731797
run1,float32-1x4096,graph_gpu,eager,6.659446312830998,6.713078434650715,6.653984693380503,7.266953816780677,2187,30.338795861244186,4548960,1,1,1
run1,float32-1x4096,graph_gpu,compiled,1.5885461520444863,1.5911439028173355,1.5877196049778224,1.738036910546222,2187,30.14111740016955,18965664,4.192164202632814,4.191854217263699,4.1945570645533445
run1,float32-1x4096,graph_gpu,triton_fused,1.59438657937883,1.5972638883555246,1.5878661857661704,1.7432268002662517,2187,30.02816063594836,18825696,4.176807807442475,4.176749180942974,4.179229757889438
run1,float32-1x4096,wall,eager,49.71052721088436,51.41637721088435,48.92957823129252,63.84759523809524,2187,32.17578657300002,642978,1,1,1
run1,float32-1x4096,wall,compiled,69.25136574074074,71.94665,67.50969444444443,83.4462638888889,2187,32.91642652999995,472392,0.7178273912602353,0.7169870165814591,0.7186794991297751
run1,float32-1x4096,wall,triton_fused,27.30835657370518,27.88351593625498,26.772312749003984,34.825888446215146,2187,30.11197795099997,1097874,1.8203412232704588,1.819110757908645,1.8214451571111578
run1,float32-32x1024,graph_gpu,eager,7.9288891068211305,7.95967032512029,7.8844444619284735,8.71525925618631,2199,30.140442120552116,3799872,1,1,1
run1,float32-32x1024,graph_gpu,compiled,1.1105000351866086,1.115562254562974,1.1075000123431284,1.2325833085924387,2199,30.03514095497131,27021312,7.139926929843599,7.138859419605295,7.140910829644391
run1,float32-32x1024,graph_gpu,triton_fused,1.2204672536279402,1.2261196758672384,1.2131737507985867,1.3333333183897187,2199,30.15675621604911,24699168,6.4966012674669065,6.495721866138087,6.497527584899685
run1,float32-32x1024,wall,eager,50.646387543252594,52.334834256055366,49.457667820069204,75.43928027681662,2199,32.36206180600001,635511,1,1,1
run1,float32-32x1024,wall,compiled,67.99932110091744,70.54184587155963,66.39709174311928,85.96577981651376,2199,32.79203202500003,479382,0.744807252826665,0.7436330462528129,0.7459397803027741
run1,float32-32x1024,wall,triton_fused,27.3245234375,27.924571484374997,26.653388671875,32.7674921875,2199,30.88021489200007,1125888,1.8535140295894719,1.8518779912970265,1.8555036404095353
run1,float32-32x4096,graph_gpu,eager,11.976000335481432,12.03555530971951,11.962666279739803,13.31911070479287,2184,30.191643826484437,2515968,1,1,1
run1,float32-32x4096,graph_gpu,compiled,1.9322409554644748,1.9403243655557032,1.9287927462174013,2.1367928197791985,2184,30.00681064510363,15515136,6.197984936409044,6.195631217829197,6.207986005662449
run1,float32-32x4096,graph_gpu,triton_fused,1.9709357154478722,1.980330282395039,1.9695870920058784,2.167339445254125,2184,30.091243212699958,15235584,6.076301850748098,6.073549999859418,6.082403393210337
run1,float32-32x4096,wall,eager,51.64615734265735,53.351647202797196,50.0667937062937,72.9696153846154,2184,32.439241674,624624,1,1,1
run1,float32-32x4096,wall,compiled,69.20659953703704,71.96461111111111,67.83379166666667,105.06821759259259,2184,32.85771979500002,471744,0.7462605833569105,0.745324719530742,0.7470357811028775
run1,float32-32x4096,wall,triton_fused,27.912891348088532,28.63393128772636,27.22756338028169,33.59195171026157,2184,30.422699611000002,1085448,1.8502618270032445,1.8486272098909267,1.8517297711846146
run1,float32-512x1024,graph_gpu,eager,15.265032168357603,15.297153159495323,15.176257779521327,16.705032317869126,2298,34.82893892192866,2279616,1,1,1
run1,float32-512x1024,graph_gpu,compiled,3.563900870725143,3.5792793863075825,3.5363967753638907,3.863801640912521,2298,31.747430490493556,8897856,4.283237026525837,4.282968855263464,4.283554968413277
run1,float32-512x1024,graph_gpu,triton_fused,3.659389786801096,3.666433477300709,3.6336271944692577,4.120677962141522,2298,31.777648004532036,8677248,4.171469304367746,4.171169905158372,4.171742524742206
run1,float32-512x1024,wall,eager,50.55594599303136,52.128099477351924,48.912167247386755,64.763393728223,2298,33.50302850199998,659526,1,1,1
run1,float32-512x1024,wall,compiled,68.22982938388625,71.22140213270141,66.54688625592416,82.95301895734598,2298,33.30085612099994,484878,0.740965446485069,0.739701012830603,0.7419745997898601
run1,float32-512x1024,wall,triton_fused,27.138503131524008,27.915991649269312,26.542354906054282,41.06434237995825,2298,30.031017805999976,1100742,1.862886311305273,1.8608979520771878,1.8650568127167797
run1,float32-512x4096,graph_gpu,eager,42.19200213750204,43.30133398373922,41.853333512941994,45.49066722393036,2481,40.39169952011111,952704,1,1,1
run1,float32-512x4096,graph_gpu,compiled,12.884706258773804,13.27058848212747,12.65035306706148,13.80799973712248,2481,34.851813961982735,2699328,3.2745800556199343,3.271886862418174,3.2807017340534217
run1,float32-512x4096,graph_gpu,triton_fused,12.23199980126487,12.681778106424543,12.026666767067379,13.088888592190212,2481,35.16043139457721,2858112,3.449313507439651,3.4441462161558727,3.4571345384923364
run1,float32-512x4096,wall,eager,54.30953505535055,55.83134686346863,50.76589667896679,73.33177859778598,2481,36.57607579000001,672351,1,1,1
run1,float32-512x4096,wall,compiled,68.61958256880733,71.55353669724771,66.87556880733945,90.32528899082568,2481,37.36227879199991,540858,0.7914582546591918,0.7904995885588597,0.7922307018978776
run1,float32-512x4096,wall,triton_fused,28.17781733021077,29.057887587822016,27.48033489461358,45.040557377049176,2481,30.011704784000006,1059387,1.9273861569512953,1.9242876414907688,1.9298650913037063
run1,float32-4096x1024,graph_gpu,eager,185.74933211008707,186.06932957967123,185.41866540908813,188.5226567586263,2190,39.06895156288163,210240,1,1,1
run1,float32-4096x1024,graph_gpu,compiled,99.72479939460754,99.7759997844696,99.23200011253357,100.95360279083252,2190,34.934621085167166,350400,1.8626192605821492,1.8625122738398388,1.8627262473244597
run1,float32-4096x1024,graph_gpu,triton_fused,111.51360273361206,112.11232364177704,107.03359842300415,113.52319717407227,2190,38.83369883155819,350400,1.665710079817008,1.665327859256927,1.666475225764794
run1,float32-4096x1024,wall,eager,193.9372792207792,196.73565909090908,192.94896103896104,203.11136363636365,2190,32.75810805599999,168630,1,1,1
run1,float32-4096x1024,wall,compiled,113.29787307692308,116.12152884615384,111.31516923076923,124.77486153846154,2190,32.322522194000015,284700,1.7117468665021307,1.7109714683721862,1.7128294457166144
run1,float32-4096x1024,wall,triton_fused,119.14023913043478,120.43616260869564,116.5354,131.13538260869564,2190,30.037626398999947,251850,1.6278066976889025,1.6272981451710635,1.6281697698612634
run1,float32-4096x4096,graph_gpu,eager,1470.7520008087158,1488.507229089737,1467.6480293273926,1494.431972503662,2064,97.2783002281188,66048,1,1,1
run1,float32-4096x4096,graph_gpu,compiled,452.91200280189514,455.7439982891083,451.35998725891113,459.82399582862854,2064,59.84444750213622,132096,3.247323965163331,3.2471386867864975,3.2474829283848634
run1,float32-4096x4096,graph_gpu,triton_fused,433.6960017681122,444.5383906364441,432.8959882259369,461.08800172805786,2064,57.42819056510924,132096,3.3912048873235747,3.3908809683335903,3.3914036984621787
run1,float32-4096x4096,wall,eager,1497.62515,1517.2590449999998,1483.1693,1577.9789,2064,30.961564828000046,20640,1,1,1
run1,float32-4096x4096,wall,compiled,470.89716666666664,476.4145409090909,466.0517575757576,495.11230303030305,2064,32.121540797,68112,3.1803655999912226,3.1796581088928995,3.1814294086645094
run1,float32-4096x4096,wall,triton_fused,453.523171875,462.536075,440.681,486.19953125,2064,30.040982791999983,66048,3.302202054656593,3.3016795688917093,3.302865270246807
