case,metric,compiled_p50_us,triton_p50_us,triton_speedup_over_compiled,ci95_low,ci95_high
bfloat16-1x1024,graph_gpu,0.9163948727268006,1.016228539603097,0.901760614875776,0.9012864592759476,0.9018281816141996
bfloat16-1x4096,graph_gpu,1.3148466502230591,1.4176106098854895,0.9275090360174919,0.9275090360174919,0.927569589781733
bfloat16-32x1024,graph_gpu,1.0421853966829253,1.1419892948579022,0.9126052243883814,0.9123320388865078,0.9132897396442181
bfloat16-32x4096,graph_gpu,1.5278006787826157,1.6598899392087487,0.9204228802729544,0.9204046960504203,0.9205246636944152
bfloat16-512x1024,graph_gpu,2.435636283321814,2.159030298994045,1.1281158418465216,1.128031381736221,1.1281185158368088
bfloat16-512x4096,graph_gpu,5.862053987142202,7.019682536049495,0.8350881905325055,0.8337491298856021,0.8367900879859309
bfloat16-4096x1024,graph_gpu,36.3716918688554,8.99722442335012,4.042545807178208,4.042252330782726,4.043132614475234
bfloat16-4096x4096,graph_gpu,223.38134050369263,208.21332931518555,1.0728484157973686,1.0726397262967884,1.0730057868060896
float32-1x1024,graph_gpu,0.9761678076338494,1.0686716937779783,0.9134403140995451,0.9129713785627476,0.9134553796292973
float32-1x4096,graph_gpu,1.5885461520444863,1.59438657937883,0.996336881274666,0.9963298888349481,0.9964040108682405
float32-32x1024,graph_gpu,1.1105000351866086,1.2204672536279402,0.9098974445119729,0.9097721261592627,0.9100334395137688
float32-32x4096,graph_gpu,1.9322409554644748,1.9709357154478722,0.9803673150371602,0.9783993813706197,0.9814738239402364
float32-512x1024,graph_gpu,3.563900870725143,3.659389786801096,0.9739057816632795,0.9738334946389051,0.973939039541005
float32-512x4096,graph_gpu,12.884706258773804,12.23199980126487,1.053360568027596,1.0509841966414541,1.0556649459796195
float32-4096x1024,graph_gpu,99.72479939460754,111.51360273361206,0.8942837192053954,0.8940785132525902,0.8946688180869026
float32-4096x4096,graph_gpu,452.91200280189514,433.6960017681122,1.044307535590465,1.0442304691442887,1.044346073079462
bfloat16-1x1024,wall,68.53883256880734,27.512608299595144,2.4911790195412298,2.4858582846959916,2.4990464389158604
bfloat16-1x4096,wall,67.7356267281106,27.33028180039139,2.4784093783892334,2.474515011783678,2.483814369582701
bfloat16-32x1024,wall,68.49723394495413,27.36735483870968,2.502881054769254,2.4990626303936034,2.507512705620169
bfloat16-32x4096,wall,68.84605479452054,28.086126506024097,2.451247763900586,2.447424343498396,2.4547389373620283
bfloat16-512x1024,wall,67.81978378378379,27.79376814516129,2.4401075604277414,2.4348743150836776,2.4456622363285727
bfloat16-512x4096,wall,68.64037155963302,27.882854663774403,2.4617411806406992,2.458331347812837,2.466312186570486
bfloat16-4096x1024,wall,69.1647429906542,28.486755102040817,2.4279614418315822,2.4236491017640915,2.432876222557433
bfloat16-4096x4096,wall,243.1209274193548,217.16285483870968,1.1195327469788727,1.1192457174220642,1.119884862066289
float32-1x1024,wall,68.40002843601896,27.43770582329317,2.492920832249427,2.488865730406025,2.4968307760760178
float32-1x4096,wall,69.25136574074074,27.30835657370518,2.5359038195444494,2.532322613689242,2.5393547699591736
float32-32x1024,wall,67.99932110091744,27.3245234375,2.4885821433063167,2.4849089951276273,2.4923363364171784
float32-32x4096,wall,69.20659953703704,27.912891348088532,2.4793776708401185,2.476370840147661,2.4827957065432176
float32-512x1024,wall,68.22982938388625,27.138503131524008,2.5141338508324242,2.510884069236775,2.5187608515165025
float32-512x4096,wall,68.61958256880733,28.17781733021077,2.4352341334556464,2.43198886791253,2.4380634012194764
float32-4096x1024,wall,113.29787307692308,119.14023913043478,0.9509622769254688,0.9503402066415908,0.9513709473326601
float32-4096x4096,wall,470.89716666666664,453.523171875,1.038308946199678,1.0379751589190858,1.0385706274127706
