repeat,rows,strategy,mode,correctness,count,samples,measured_seconds,median_seconds,p95_seconds,total_operations
1,1024,sequential,ordinary,PASS,106,280,5.006244371965295,0.000168191433984694,0.00017019380141408753,29680
1,1024,streams,graph,PASS,173,215,5.020396605992573,0.00013503875148366878,0.00013618036418059046,37195
1,1024,batched,ordinary,PASS,149,253,5.00750268214324,0.00013296101341920985,0.00013391880676753493,37697
1,32,sequential,graph,PASS,635,290,5.017182414099807,2.725597243668057e-05,2.7401981101642677e-05,184150
1,256,streams,graph,PASS,424,270,5.016744095919421,4.381627122539904e-05,4.39693884439997e-05,114480
1,256,streams,ordinary,PASS,147,292,5.014893021987518,0.00011583158501256004,0.00012061113599952324,42924
1,1024,sequential,graph,PASS,136,222,5.01391646405682,0.00016605508084039148,0.0001679780294901267,30192
1,1024,streams,ordinary,PASS,93,358,5.0080605428811396,0.00014983167745403304,0.00015181563603716792,33294
1,32,sequential,ordinary,PASS,327,346,5.0123105081001995,4.4129954153295915e-05,4.547054739677866e-05,113142
1,32,batched,ordinary,PASS,642,418,5.003840356119326,1.8568560743549944e-05,1.8943457943467115e-05,268356
1,32,batched,graph,PASS,1184,485,5.004534241161309,8.705243237420438e-06,8.79501487017134e-06,574240
1,1024,batched,graph,PASS,182,210,5.011106498990557,0.00013111175548356885,0.00013204667578735338,38220
1,256,batched,ordinary,PASS,335,349,5.012495356291765,4.2889570146660084e-05,4.3200003608727635e-05,116915
1,32,streams,graph,PASS,772,391,5.011750155928894,1.6597272019798343e-05,1.67025854838065e-05,301852
1,32,streams,ordinary,PASS,183,229,5.0196212761075,0.00011979833334656382,0.00012208706558722738,41907
1,256,batched,graph,PASS,437,275,5.000495643122122,4.1570240285117565e-05,4.205376588983474e-05,120175
1,256,sequential,ordinary,PASS,230,345,5.0086158061167225,6.303041300270706e-05,6.372484870751024e-05,79350
1,256,sequential,graph,PASS,358,239,5.000643920022412,5.842176535590838e-05,5.8582436023299534e-05,85562
2,1024,sequential,graph,PASS,141,214,5.022946319964831,0.0001662284254917135,0.00016837009471917116,30174
2,1024,batched,ordinary,PASS,157,239,5.015438041999005,0.00013372032483446465,0.00013430573885584143,37523
2,1024,streams,ordinary,PASS,93,356,5.0053900240018265,0.00015083717739945577,0.00015303556981336285,33108
2,256,batched,graph,PASS,458,262,5.0187008591601625,4.182773580984111e-05,4.20920907011521e-05,119996
2,256,streams,graph,PASS,418,273,5.008204628044041,4.387608135111282e-05,4.4052340665388786e-05,114114
2,256,sequential,ordinary,PASS,232,342,5.010565436779871,6.304505602421504e-05,6.363813252642887e-05,79344
2,1024,streams,graph,PASS,172,213,5.003695150924614,0.00013674820924237328,0.00013773972440990186,36636
2,32,streams,graph,PASS,770,391,5.004754369001603,1.661337920776024e-05,1.6744094800624342e-05,301070
2,256,batched,ordinary,PASS,340,342,5.009200248125126,4.3095588240676614e-05,4.344050013006542e-05,116280
2,32,batched,ordinary,PASS,649,409,5.0063858380308375,1.8748536208918596e-05,1.9347121721479426e-05,265441
2,32,sequential,ordinary,PASS,314,360,5.002737351751421,4.400670541666157e-05,4.503420556140589e-05,113040
2,256,sequential,graph,PASS,353,243,5.011245668079937,5.843375637011323e-05,5.861992918323625e-05,85779
2,32,sequential,graph,PASS,630,291,5.011875382959261,2.7349515862408138e-05,2.7413410319399738e-05,183330
2,256,streams,ordinary,PASS,144,293,5.005410766971181,0.00011836528463188895,0.00012087695142529102,42192
2,1024,sequential,ordinary,PASS,109,270,5.01020936894929,0.0001700455412976743,0.00017207847201103056,29430
2,32,batched,graph,PASS,1265,452,5.004857466861722,8.744543082156245e-06,8.833037155336174e-06,571780
2,1024,batched,graph,PASS,180,212,5.012349043026916,0.00013137365276634229,0.00013227195801139007,38160
2,32,streams,ordinary,PASS,178,235,5.015067546104547,0.00011942866858385315,0.00012234944944712072,41830
3,256,sequential,ordinary,PASS,223,355,5.001052232080838,6.293632736640477e-05,6.388002694527005e-05,79165
3,1024,streams,ordinary,PASS,92,362,5.008254783970187,0.00014995539672584172,0.0001516935211127376,33304
3,1024,batched,graph,PASS,176,216,5.012010839098366,0.00013186700285090907,0.0001327269488807691,38016
3,1024,batched,ordinary,PASS,150,249,5.014356946005137,0.00013424930007507405,0.0001351206333298857,37350
3,1024,sequential,graph,PASS,135,222,5.012608981036465,0.0001670548370047645,0.0001686227263686575,29970
3,32,sequential,graph,PASS,630,290,5.008584419018007,2.742460635509194e-05,2.7482216036231773e-05,182700
3,256,sequential,graph,PASS,358,239,5.0061349590541795,5.8476583761951295e-05,5.8667917595070645e-05,85562
3,32,sequential,ordinary,PASS,323,348,5.006975918964599,4.432418266251458e-05,4.5540992729401865e-05,112404
3,32,batched,ordinary,PASS,644,408,5.0023539279500255,1.8982680908350783e-05,1.939969587516508e-05,262752
3,256,streams,graph,PASS,422,271,5.016092297111754,4.385354028246697e-05,4.400249644540145e-05,114362
3,1024,sequential,ordinary,PASS,112,263,5.017997903138166,0.00017040713386709934,0.00017184311604328937,29456
3,256,batched,graph,PASS,453,265,5.010782570854644,4.1793814575542216e-05,4.206529581918285e-05,120045
3,32,batched,graph,PASS,1171,487,5.005347223952413,8.765070024224827e-06,8.85536891816265e-06,570277
3,256,batched,ordinary,PASS,332,350,5.01304476695077,4.3099084346560784e-05,4.3535980571559994e-05,116200
3,1024,streams,graph,PASS,169,216,5.011638347932603,0.00013738191123781782,0.00013801031802369683,36504
3,32,streams,ordinary,PASS,165,250,5.001437822007574,0.00012072147576625205,0.00012486534512859318,41250
3,256,streams,ordinary,PASS,137,313,5.0124110000324436,0.00011550523357696994,0.0001257986788396608,42881
3,32,streams,graph,PASS,733,411,5.0051107338949805,1.6591155531976276e-05,1.673800477497267e-05,301263
