mode,profile,concurrency,rep,gpu,samples,mean_gpu_util_pct,mean_power_w,max_memory_mib
replicas,1k,4,1,0,6,100.0,297.29833333333335,68947.0
replicas,1k,4,1,1,6,100.0,286.64,68495.0
replicas,1k,4,2,0,6,96.33333333333333,327.06,68947.0
replicas,1k,4,2,1,6,91.83333333333333,310.06333333333333,68495.0
replicas,1k,4,3,0,6,99.66666666666667,317.09333333333336,68947.0
replicas,1k,4,3,1,6,98.5,310.33166666666665,68495.0
replicas,1k,16,1,0,2,58.5,319.71,68947.0
replicas,1k,16,1,1,2,100.0,295.185,68959.0
replicas,1k,16,2,0,2,50.0,208.055,68947.0
replicas,1k,16,2,1,2,50.0,186.67499999999998,68959.0
replicas,1k,16,3,0,2,100.0,332.985,68947.0
replicas,1k,16,3,1,2,100.0,299.735,68959.0
replicas,8k,4,1,0,11,100.0,356.0009090909091,68947.0
replicas,8k,4,1,1,11,100.0,329.4381818181818,68959.0
replicas,8k,4,2,0,12,91.66666666666667,342.46916666666664,68947.0
replicas,8k,4,2,1,12,91.66666666666667,326.37583333333333,68959.0
replicas,8k,4,3,0,11,100.0,365.6445454545455,68947.0
replicas,8k,4,3,1,11,100.0,350.02909090909094,68959.0
replicas,8k,16,1,0,8,87.5,350.04625,68947.0
replicas,8k,16,1,1,8,87.5,333.4175,68963.0
replicas,8k,16,2,0,7,100.0,387.52714285714285,68947.0
replicas,8k,16,2,1,7,100.0,381.8828571428572,68963.0
replicas,8k,16,3,0,7,90.42857142857143,371.24142857142857,68947.0
replicas,8k,16,3,1,7,87.57142857142857,379.84714285714284,68963.0
replicas,32k,4,1,0,39,97.43589743589743,390.7194871794872,68947.0
replicas,32k,4,1,1,39,97.43589743589743,379.0946153846154,68963.0
replicas,32k,4,2,0,39,99.07692307692308,390.5897435897436,68947.0
replicas,32k,4,2,1,39,98.61538461538461,384.2258974358974,68963.0
replicas,32k,4,3,0,39,98.74358974358974,390.3348717948718,68947.0
replicas,32k,4,3,1,39,98.46153846153847,373.31666666666666,68963.0
replicas,32k,16,1,0,36,97.33333333333333,392.61111111111114,68947.0
replicas,32k,16,1,1,36,97.22222222222223,390.2752777777778,68963.0
replicas,32k,16,2,0,36,97.22222222222223,390.16305555555556,68947.0
replicas,32k,16,2,1,36,97.22222222222223,385.7838888888889,68963.0
replicas,32k,16,3,0,36,97.22222222222223,389.6063888888889,68947.0
replicas,32k,16,3,1,36,97.22222222222223,385.5469444444444,68963.0
replicas,mixed,4,1,0,25,100.0,389.9856,68947.0
replicas,mixed,4,1,1,25,80.0,298.3388,68963.0
replicas,mixed,4,2,0,25,100.0,386.958,68947.0
replicas,mixed,4,2,1,25,79.92,302.9192,68963.0
replicas,mixed,4,3,0,25,98.92,385.2248,68947.0
replicas,mixed,4,3,1,25,79.08,307.4,68963.0
replicas,mixed,16,1,0,22,65.81818181818181,286.1040909090909,68947.0
replicas,mixed,16,1,1,22,100.0,387.47136363636366,68963.0
replicas,mixed,16,2,0,18,100.0,396.73555555555555,69369.0
replicas,mixed,16,2,1,18,100.0,382.2133333333333,69387.0
replicas,mixed,16,3,0,19,94.73684210526316,376.18684210526317,68947.0
replicas,mixed,16,3,1,19,94.73684210526316,372.3521052631579,68965.0
pd,1k,4,1,0,7,4.571428571428571,190.03571428571428,69811.0
pd,1k,4,1,1,7,100.0,289.8857142857143,69213.0
pd,1k,4,2,0,7,6.0,183.9742857142857,69811.0
pd,1k,4,2,1,7,100.0,292.0042857142857,69213.0
pd,1k,4,3,0,7,23.571428571428573,113.01142857142857,69811.0
pd,1k,4,3,1,7,100.0,294.1328571428571,69213.0
pd,1k,16,1,0,3,33.333333333333336,205.92666666666668,69811.0
pd,1k,16,1,1,3,100.0,292.51666666666665,69213.0
pd,1k,16,2,0,3,33.333333333333336,205.39666666666668,69811.0
pd,1k,16,2,1,3,100.0,301.2133333333333,69213.0
pd,1k,16,3,0,3,33.333333333333336,207.26666666666668,69811.0
pd,1k,16,3,1,3,99.66666666666667,300.6933333333333,69213.0
pd,8k,4,1,0,13,80.6923076923077,372.89923076923077,69811.0
pd,8k,4,1,1,13,92.07692307692308,241.59615384615384,69213.0
pd,8k,4,2,0,13,63.30769230769231,311.42846153846153,69811.0
pd,8k,4,2,1,13,92.3076923076923,265.7123076923077,69213.0
pd,8k,4,3,0,13,69.38461538461539,297.75,69811.0
pd,8k,4,3,1,13,92.3076923076923,234.29538461538462,69213.0
pd,8k,16,1,0,12,75.0,338.7166666666667,69811.0
pd,8k,16,1,1,12,90.66666666666667,245.10666666666665,69213.0
pd,8k,16,2,0,12,77.08333333333333,345.79583333333335,69811.0
pd,8k,16,2,1,12,90.66666666666667,232.92916666666667,69213.0
pd,8k,16,3,0,12,78.41666666666667,345.6116666666667,69811.0
pd,8k,16,3,1,12,90.41666666666667,242.29166666666666,69213.0
pd,32k,4,1,0,63,93.65079365079364,380.43365079365077,69811.0
pd,32k,4,1,1,63,60.95238095238095,191.75063492063492,69213.0
pd,32k,4,2,0,62,96.7741935483871,390.34241935483874,69811.0
pd,32k,4,2,1,62,62.74193548387097,188.89258064516127,69213.0
pd,32k,4,3,0,62,95.16129032258064,387.0241935483871,69811.0
pd,32k,4,3,1,62,62.95161290322581,188.1491935483871,69213.0
pd,32k,16,1,0,62,95.16129032258064,389.75112903225806,69811.0
pd,32k,16,1,1,62,61.62903225806452,192.6458064516129,69213.0
pd,32k,16,2,0,63,94.7936507936508,378.43920634920636,69811.0
pd,32k,16,2,1,63,58.142857142857146,192.0168253968254,69213.0
pd,32k,16,3,0,62,95.53225806451613,388.72709677419357,69811.0
pd,32k,16,3,1,62,62.33870967741935,193.56306451612903,69213.0
pd,mixed,4,1,0,36,83.33333333333333,349.7836111111111,69811.0
pd,mixed,4,1,1,36,56.166666666666664,181.8486111111111,69213.0
pd,mixed,4,2,0,35,85.71428571428571,356.33714285714285,70233.0
pd,mixed,4,2,1,35,58.2,192.5637142857143,69635.0
pd,mixed,4,3,0,36,82.97222222222223,342.02222222222224,69811.0
pd,mixed,4,3,1,36,62.44444444444444,190.0311111111111,69213.0
pd,mixed,16,1,0,33,92.18181818181819,376.7966666666667,69811.0
pd,mixed,16,1,1,33,63.696969696969695,191.41848484848484,69213.0
pd,mixed,16,2,0,33,90.9090909090909,378.3269696969697,69811.0
pd,mixed,16,2,1,33,63.60606060606061,185.67727272727274,69213.0
pd,mixed,16,3,0,34,88.23529411764706,363.0308823529412,69811.0
pd,mixed,16,3,1,34,61.61764705882353,189.43617647058824,69213.0
