mode,profile,concurrency,rep,mean_prefill_ms,mean_remote_block_count,gpu0_requests,gpu1_requests
replicas,1k,4,1,,,8,8
replicas,1k,4,2,,,8,8
replicas,1k,4,3,,,8,8
replicas,1k,16,1,,,8,8
replicas,1k,16,2,,,8,8
replicas,1k,16,3,,,8,8
replicas,8k,4,1,,,8,8
replicas,8k,4,2,,,8,8
replicas,8k,4,3,,,8,8
replicas,8k,16,1,,,8,8
replicas,8k,16,2,,,8,8
replicas,8k,16,3,,,8,8
replicas,32k,4,1,,,8,8
replicas,32k,4,2,,,8,8
replicas,32k,4,3,,,8,8
replicas,32k,16,1,,,8,8
replicas,32k,16,2,,,8,8
replicas,32k,16,3,,,8,8
replicas,mixed,4,1,,,6,10
replicas,mixed,4,2,,,6,10
replicas,mixed,4,3,,,6,10
replicas,mixed,16,1,,,8,8
replicas,mixed,16,2,,,8,8
replicas,mixed,16,3,,,8,8
pd,1k,4,1,142.23582827253267,1,0,16
pd,1k,4,2,142.4255715101026,1,0,16
pd,1k,4,3,140.159941627644,1,0,16
pd,1k,16,1,684.158974152524,1,0,16
pd,1k,16,2,688.9392613084055,1,0,16
pd,1k,16,3,692.0447467709891,1,0,16
pd,8k,4,1,921.33213148918,1,0,16
pd,8k,4,2,918.1758548365906,1,0,16
pd,8k,4,3,916.8488521827385,1,0,16
pd,8k,16,1,5274.751094751991,1,0,16
pd,8k,16,2,5275.943408312742,1,0,16
pd,8k,16,3,5287.999009771738,1,0,16
pd,32k,4,1,11618.391611089464,1,0,16
pd,32k,4,2,11611.154232523404,1,0,16
pd,32k,4,3,11613.172501383815,1,0,16
pd,32k,16,1,31889.669820200652,1,0,16
pd,32k,16,2,31873.95247502718,1,0,16
pd,32k,16,3,31910.554896458052,1,0,16
pd,mixed,4,1,5511.756919149775,1,0,16
pd,mixed,4,2,5517.1481758588925,1,0,16
pd,mixed,4,3,5506.945622968487,1,0,16
pd,mixed,16,1,12635.459701356012,1,0,16
pd,mixed,16,2,14522.836527787149,1,0,16
pd,mixed,16,3,14541.648690705188,1,0,16
