mode,profile,concurrency,rep,wall_s,output_tok_s,mean_ttft_ms,p95_ttft_ms,mean_tpot_ms,p95_chunk_gap_ms
replicas,1k,4,1,6.299049848690629,325.1284001865319,128.46954254200682,185.941768810153,11.326532414472684,11.552228359505532
replicas,1k,4,2,6.274449243210256,326.4031503986097,123.61976376269013,179.89065195433795,11.315762210182669,11.545557901263237
replicas,1k,4,3,6.273396293632686,326.4579350867185,122.87739524617791,186.54164485633373,11.316261396791024,11.518323514610529
replicas,1k,16,1,2.1215593684464693,965.3276879541986,458.5374461603351,601.7684917896986,12.869161022020371,12.681961013004184
replicas,1k,16,2,2.0959445061162114,977.1251070931011,464.2096600146033,602.4413001723588,12.696279598286331,12.728637224063277
replicas,1k,16,3,2.1022992627695203,974.1714875084018,461.0320326173678,601.1646455153823,12.747447283234536,12.804019218310714
replicas,8k,4,1,11.228676396422088,182.39015247180654,932.9849239438772,1275.1530117820948,14.67124145894172,12.790043978020549
replicas,8k,4,2,11.248405170626938,182.07025519919577,934.5448850071989,1275.1863820012659,14.673972852971756,12.805281346663833
replicas,8k,4,3,11.249484468251467,182.0527870214772,934.7578320303,1276.0693789459765,14.67563968663302,12.874098867177963
replicas,8k,16,1,7.237136351875961,282.9848576045042,3090.170032286551,5036.203150637448,31.384933848982662,40.60710617341101
replicas,8k,16,2,7.227040407247841,283.3801784124668,3090.3495615930296,5039.873958798125,31.372567196926614,40.33180987462401
replicas,8k,16,3,7.24131343793124,282.8216203530461,3097.263044095598,5045.409717131406,31.388149558251182,40.16160620376466
replicas,32k,4,1,38.86446237936616,52.695956012691944,5208.9506956981495,7595.191535772756,34.8360598587805,23.374036466702798
replicas,32k,4,2,38.87397182267159,52.68306540278941,5260.996050492395,7589.962113182992,34.4265783214795,22.87826919928182
replicas,32k,4,3,38.83115652576089,52.74115383716014,5260.1211203145795,7597.271516686305,34.411714291731705,23.595456220209574
replicas,32k,16,1,36.11869024205953,56.701945343941155,17986.39803135302,31930.671480484307,135.66156799628172,623.4505360480398
replicas,32k,16,2,36.14574907254428,56.65949807513126,17985.27193418704,31931.31922953762,135.7383261802313,624.9011900741607
replicas,32k,16,3,36.15205744281411,56.64961124936135,17988.304254424293,31940.652390709147,135.7320235757062,623.5909968614578
replicas,mixed,4,1,25.148753163404763,81.43544877525576,2793.026046070736,6187.1632093098015,22.03615548549308,16.931449063122272
replicas,mixed,4,2,25.13672779686749,81.47440735127105,2789.337103953585,6186.380469007418,22.03133018131874,16.877893125638366
replicas,mixed,4,3,25.153074613772333,81.4214576725597,2792.0675690402277,6187.675210880116,22.022437356049416,16.967974044382572
replicas,mixed,16,1,22.900874393060803,89.42889973758228,8990.699084301013,19531.483123311773,74.8883615363404,492.8238199558109
replicas,mixed,16,2,18.909607721492648,108.30473218501749,8251.905235636514,15711.374401114881,80.62708159169827,523.3211431186646
replicas,mixed,16,3,19.282571671530604,106.20989953449683,9480.021961731836,15755.609762854874,73.58222501444095,499.12287071347237
pd,1k,4,1,6.876490676775575,297.82633268403106,234.26906386157498,418.62523136660457,11.35754915308134,11.967263044789432
pd,1k,4,2,6.93631611764431,295.2575928294824,241.52122007217258,419.75978622213006,11.396817912945274,12.153175752609966
pd,1k,4,3,6.889147792011499,297.2791500241604,236.3211774500087,432.25867045111954,11.355676786794408,12.118138978257775
pd,1k,16,1,2.835557379759848,722.2565886405907,845.5077785765752,1237.2960688080639,13.185058287289873,15.248089656233786
pd,1k,16,2,2.830984083004296,723.4233538418988,843.737595656421,1240.9943358507007,13.099479457403818,14.061522390693426
pd,1k,16,3,2.8377760108560324,721.6919137258506,847.7493447717279,1243.0902805645019,13.125207452525157,14.037565281614661
pd,8k,4,1,13.196602028794587,155.19146485825107,1177.3995027760975,2299.3218726478517,15.388894863756681,15.354572469368575
pd,8k,4,2,13.199097445234656,155.16212441778742,1175.3751365467906,2292.335113277659,15.40576308043527,15.079604089260101
pd,8k,4,3,13.20036855712533,155.1471832878882,1176.2523220968433,2298.032722901553,15.40158751217179,15.369605179876086
pd,8k,16,1,11.776734225451946,173.90220079636768,5586.388204013929,9701.04187913239,16.401067828964884,15.386295551434158
pd,8k,16,2,11.789791860617697,173.7095976088504,5592.899484559894,9705.7451272849,16.430192429015015,16.713729500770558
pd,8k,16,3,11.787672669626772,173.7408271674416,5602.864454849623,9709.428606089205,16.437508859744984,17.901672003790733
pd,32k,4,1,62.3694846695289,32.836570814261776,12433.74817626318,13841.405490646139,13.832622873193518,14.218336623162031
pd,32k,4,2,62.3236777568236,32.86070517197249,12423.987835180014,13827.443383866921,13.83781809026126,14.20214674435556
pd,32k,4,3,62.34578103385866,32.849055157201015,12427.713569253683,13836.800741264597,13.839141117394206,14.215506706386805
pd,32k,16,1,62.49888307508081,32.76858560079719,32797.66355606262,57906.808264087886,13.84091868860955,14.22976921312511
pd,32k,16,2,62.487889267504215,32.77435074231301,32785.19006440183,57897.32400677167,13.838753993366295,14.231445593759418
pd,32k,16,3,62.57583569176495,32.728288441691866,32824.287978350185,57985.31155870296,13.830463743427636,14.310797676444054
pd,mixed,4,1,36.013026219792664,56.86831169090768,6283.689358329866,11299.438242800534,14.114507764585198,15.89291486889124
pd,mixed,4,2,35.71030587516725,57.350390869213136,6225.1135656260885,12141.488695750013,13.972533060105766,15.869427844882011
pd,mixed,4,3,35.70664535090327,57.3562702369124,6213.157405611128,11183.779006358236,14.076214607284353,15.90188997797668
pd,mixed,16,1,33.08486308064312,61.90141984290751,13428.967997955624,28533.93682441674,16.327968689495712,20.70344127714634
pd,mixed,16,2,33.14849799871445,61.78258816068905,15315.098867111374,28580.162500496954,16.318487617605197,20.70028418675065
pd,mixed,16,3,33.17581141460687,61.73172298351964,15340.388195181731,28588.140193838626,16.327817447659537,20.70670290850103
