mode,profile,concurrency,rep,gpu,window,samples,mean_gpu_util_pct,max_memory_mib,mean_power_w
tp,decode,1,1,0,first measured request start through last streamed token,246,99.40243902439025,75297.0,230.6889430894309
tp,decode,1,1,1,first measured request start through last streamed token,246,99.42276422764228,75297.0,205.0331300813008
tp,decode,1,2,0,first measured request start through last streamed token,245,99.86530612244898,74875.0,231.64877551020408
tp,decode,1,2,1,first measured request start through last streamed token,245,99.86122448979592,74875.0,205.32085714285714
tp,decode,1,3,0,first measured request start through last streamed token,245,99.85306122448979,74875.0,231.5638775510204
tp,decode,1,3,1,first measured request start through last streamed token,245,99.86938775510204,74875.0,204.8967755102041
tp,decode,16,1,0,first measured request start through last streamed token,136,100.0,74877.0,374.4278676470588
tp,decode,16,1,1,first measured request start through last streamed token,136,100.0,74877.0,347.4469117647059
tp,decode,16,2,0,first measured request start through last streamed token,136,99.26470588235294,74877.0,368.9722794117647
tp,decode,16,2,1,first measured request start through last streamed token,136,99.26470588235294,74877.0,342.09661764705885
tp,decode,16,3,0,first measured request start through last streamed token,136,100.0,74877.0,373.35345588235293
tp,decode,16,3,1,first measured request start through last streamed token,136,100.0,74877.0,345.7960294117647
tp,decode,4,1,0,first measured request start through last streamed token,81,100.0,74877.0,308.4562962962963
tp,decode,4,1,1,first measured request start through last streamed token,81,99.9753086419753,74877.0,280.8948148148148
tp,decode,4,2,0,first measured request start through last streamed token,82,98.78048780487805,74877.0,307.1840243902439
tp,decode,4,2,1,first measured request start through last streamed token,82,99.15853658536585,74877.0,282.51073170731706
tp,decode,4,3,0,first measured request start through last streamed token,81,100.0,74877.0,310.0962962962963
tp,decode,4,3,1,first measured request start through last streamed token,81,100.0,74877.0,283.6222222222222
tp,intermediate,1,1,0,first measured request start through last streamed token,153,99.359477124183,74877.0,265.9124183006536
tp,intermediate,1,1,1,first measured request start through last streamed token,153,99.49019607843137,74877.0,240.17202614379084
tp,intermediate,1,2,0,first measured request start through last streamed token,153,99.49673202614379,74877.0,261.90928104575164
tp,intermediate,1,2,1,first measured request start through last streamed token,153,99.33986928104575,74877.0,239.59549019607843
tp,intermediate,1,3,0,first measured request start through last streamed token,153,99.4640522875817,75299.0,263.8465359477124
tp,intermediate,1,3,1,first measured request start through last streamed token,153,99.08496732026144,75299.0,238.53287581699345
tp,intermediate,16,1,0,first measured request start through last streamed token,206,100.0,74879.0,388.6696116504854
tp,intermediate,16,1,1,first measured request start through last streamed token,206,100.0,74879.0,375.8770873786408
tp,intermediate,16,2,0,first measured request start through last streamed token,206,99.99514563106796,75301.0,388.6004854368932
tp,intermediate,16,2,1,first measured request start through last streamed token,206,99.99029126213593,75301.0,375.926213592233
tp,intermediate,16,3,0,first measured request start through last streamed token,207,99.91304347826087,74879.0,388.1393236714976
tp,intermediate,16,3,1,first measured request start through last streamed token,207,99.99033816425121,74879.0,375.1721739130435
tp,intermediate,4,1,0,first measured request start through last streamed token,69,100.0,74877.0,348.2404347826087
tp,intermediate,4,1,1,first measured request start through last streamed token,69,100.0,74877.0,329.98521739130433
tp,intermediate,4,2,0,first measured request start through last streamed token,70,98.57142857142857,74877.0,344.301
tp,intermediate,4,2,1,first measured request start through last streamed token,70,98.57142857142857,74877.0,325.3211428571429
tp,intermediate,4,3,0,first measured request start through last streamed token,70,99.05714285714286,74877.0,343.2192857142857
tp,intermediate,4,3,1,first measured request start through last streamed token,70,100.0,74877.0,326.3827142857143
tp,prefill,1,1,0,first measured request start through last streamed token,196,99.32142857142857,74879.0,369.15244897959184
tp,prefill,1,1,1,first measured request start through last streamed token,196,98.9234693877551,74879.0,365.9404081632653
tp,prefill,1,2,0,first measured request start through last streamed token,196,99.08673469387755,74879.0,370.744693877551
tp,prefill,1,2,1,first measured request start through last streamed token,196,98.99489795918367,74879.0,364.87602040816324
tp,prefill,1,3,0,first measured request start through last streamed token,195,98.44102564102565,75301.0,371.226
tp,prefill,1,3,1,first measured request start through last streamed token,195,98.53333333333333,75301.0,365.3451794871795
tp,prefill,16,1,0,first measured request start through last streamed token,725,99.99862068965517,75301.0,394.0353793103448
tp,prefill,16,1,1,first measured request start through last streamed token,725,99.99862068965517,75301.0,389.84024827586205
tp,prefill,16,2,0,first measured request start through last streamed token,727,99.99312242090784,75301.0,394.7932049518569
tp,prefill,16,2,1,first measured request start through last streamed token,727,99.99862448418156,75301.0,391.2710316368638
tp,prefill,16,3,0,first measured request start through last streamed token,729,99.90123456790124,75301.0,394.54578875171467
tp,prefill,16,3,1,first measured request start through last streamed token,729,99.91495198902606,75301.0,392.0930864197531
tp,prefill,4,1,0,first measured request start through last streamed token,180,100.0,74879.0,393.3188333333333
tp,prefill,4,1,1,first measured request start through last streamed token,180,100.0,74879.0,390.4783888888889
tp,prefill,4,2,0,first measured request start through last streamed token,181,99.4475138121547,74879.0,393.5293370165746
tp,prefill,4,2,1,first measured request start through last streamed token,181,99.4475138121547,74879.0,388.949226519337
tp,prefill,4,3,0,first measured request start through last streamed token,180,100.0,74879.0,393.39183333333335
tp,prefill,4,3,1,first measured request start through last streamed token,180,100.0,74879.0,390.8936111111111
pp,decode,1,1,0,first measured request start through last streamed token,283,99.95053003533569,75525.0,197.3343109540636
pp,decode,1,1,1,first measured request start through last streamed token,283,99.60777385159011,75559.0,178.3290812720848
pp,decode,1,2,0,first measured request start through last streamed token,283,99.93286219081273,75103.0,199.91247349823323
pp,decode,1,2,1,first measured request start through last streamed token,283,99.84098939929329,75137.0,180.31526501766785
pp,decode,1,3,0,first measured request start through last streamed token,283,99.69257950530036,75103.0,197.4808480565371
pp,decode,1,3,1,first measured request start through last streamed token,283,99.3286219081272,75137.0,180.02282685512367
pp,decode,16,1,0,first measured request start through last streamed token,213,100.0,75105.0,256.1327230046948
pp,decode,16,1,1,first measured request start through last streamed token,213,99.7699530516432,75137.0,253.35295774647886
pp,decode,16,2,0,first measured request start through last streamed token,213,100.0,75105.0,257.9729107981221
pp,decode,16,2,1,first measured request start through last streamed token,213,99.7699530516432,75137.0,245.75413145539906
pp,decode,16,3,0,first measured request start through last streamed token,213,99.53051643192488,75527.0,259.91399061032865
pp,decode,16,3,1,first measured request start through last streamed token,213,99.6244131455399,75559.0,243.08051643192488
pp,decode,4,1,0,first measured request start through last streamed token,116,99.29310344827586,75103.0,233.7156896551724
pp,decode,4,1,1,first measured request start through last streamed token,116,99.66379310344827,75137.0,214.08905172413793
pp,decode,4,2,0,first measured request start through last streamed token,116,99.12931034482759,75525.0,233.79318965517243
pp,decode,4,2,1,first measured request start through last streamed token,116,98.81896551724138,75559.0,212.41620689655173
pp,decode,4,3,0,first measured request start through last streamed token,115,100.0,75103.0,234.14000000000001
pp,decode,4,3,1,first measured request start through last streamed token,115,100.0,75137.0,213.4904347826087
pp,intermediate,1,1,0,first measured request start through last streamed token,182,99.71428571428571,75105.0,215.7886813186813
pp,intermediate,1,1,1,first measured request start through last streamed token,182,98.95604395604396,75137.0,197.53642857142856
pp,intermediate,1,2,0,first measured request start through last streamed token,182,99.46153846153847,75105.0,217.53571428571428
pp,intermediate,1,2,1,first measured request start through last streamed token,182,99.02747252747253,75137.0,194.98395604395606
pp,intermediate,1,3,0,first measured request start through last streamed token,182,99.07692307692308,75105.0,216.02434065934065
pp,intermediate,1,3,1,first measured request start through last streamed token,182,99.03846153846153,75137.0,196.9893956043956
pp,intermediate,16,1,0,first measured request start through last streamed token,339,99.99705014749263,75105.0,257.75607669616517
pp,intermediate,16,1,1,first measured request start through last streamed token,339,98.42477876106194,75137.0,244.72882005899706
pp,intermediate,16,2,0,first measured request start through last streamed token,339,99.70206489675516,75527.0,255.21362831858406
pp,intermediate,16,2,1,first measured request start through last streamed token,339,98.22123893805309,75559.0,247.9480825958702
pp,intermediate,16,3,0,first measured request start through last streamed token,338,99.99704142011835,75105.0,258.72547337278104
pp,intermediate,16,3,1,first measured request start through last streamed token,338,98.85207100591715,75137.0,247.83100591715976
pp,intermediate,4,1,0,first measured request start through last streamed token,107,100.0,75105.0,254.17757009345794
pp,intermediate,4,1,1,first measured request start through last streamed token,107,98.85046728971963,75137.0,228.06355140186915
pp,intermediate,4,2,0,first measured request start through last streamed token,107,100.0,75527.0,260.1895327102804
pp,intermediate,4,2,1,first measured request start through last streamed token,107,98.7196261682243,75559.0,223.35084112149534
pp,intermediate,4,3,0,first measured request start through last streamed token,108,100.0,75105.0,244.24657407407406
pp,intermediate,4,3,1,first measured request start through last streamed token,108,99.80555555555556,75137.0,235.77435185185186
pp,prefill,1,1,0,first measured request start through last streamed token,214,99.42990654205607,75105.0,325.3085981308411
pp,prefill,1,1,1,first measured request start through last streamed token,214,98.85981308411215,75137.0,315.91630841121497
pp,prefill,1,2,0,first measured request start through last streamed token,213,98.90610328638498,75527.0,328.29098591549297
pp,prefill,1,2,1,first measured request start through last streamed token,213,98.57276995305165,75559.0,326.50511737089204
pp,prefill,1,3,0,first measured request start through last streamed token,214,99.02803738317758,75105.0,325.49841121495325
pp,prefill,1,3,1,first measured request start through last streamed token,214,98.42990654205607,75137.0,316.91032710280376
pp,prefill,16,1,0,first measured request start through last streamed token,1286,99.99844479004666,75527.0,259.2136469673406
pp,prefill,16,1,1,first measured request start through last streamed token,1286,98.68662519440124,75559.0,241.32326594090202
pp,prefill,16,2,0,first measured request start through last streamed token,1287,99.92152292152292,75527.0,257.46679875679877
pp,prefill,16,2,1,first measured request start through last streamed token,1287,98.7000777000777,75559.0,242.45472416472415
pp,prefill,16,3,0,first measured request start through last streamed token,1286,99.99922239502332,75527.0,257.59266718506996
pp,prefill,16,3,1,first measured request start through last streamed token,1286,98.86547433903577,75559.0,242.78293157076206
pp,prefill,4,1,0,first measured request start through last streamed token,316,100.0,75105.0,260.419082278481
pp,prefill,4,1,1,first measured request start through last streamed token,316,98.82594936708861,75137.0,245.76664556962027
pp,prefill,4,2,0,first measured request start through last streamed token,316,99.68354430379746,75527.0,257.4254430379747
pp,prefill,4,2,1,first measured request start through last streamed token,316,98.55696202531645,75559.0,250.00436708860758
pp,prefill,4,3,0,first measured request start through last streamed token,316,100.0,75105.0,259.28658227848103
pp,prefill,4,3,1,first measured request start through last streamed token,316,98.7373417721519,75137.0,248.39006329113923
ep,decode,1,1,0,first measured request start through last streamed token,261,99.90038314176245,74881.0,221.53816091954022
ep,decode,1,1,1,first measured request start through last streamed token,261,100.0,74881.0,195.1692337164751
ep,decode,1,2,0,first measured request start through last streamed token,261,99.88505747126437,75303.0,221.6989655172414
ep,decode,1,2,1,first measured request start through last streamed token,261,99.83141762452107,75303.0,194.61850574712645
ep,decode,1,3,0,first measured request start through last streamed token,261,99.9272030651341,74881.0,219.77275862068964
ep,decode,1,3,1,first measured request start through last streamed token,261,99.93486590038314,74881.0,195.10888888888888
ep,decode,16,1,0,first measured request start through last streamed token,139,99.55395683453237,75305.0,365.99446043165466
ep,decode,16,1,1,first measured request start through last streamed token,139,99.82014388489209,75305.0,334.33661870503596
ep,decode,16,2,0,first measured request start through last streamed token,141,99.29078014184397,74883.0,364.2737588652482
ep,decode,16,2,1,first measured request start through last streamed token,141,99.29078014184397,74883.0,332.5368794326241
ep,decode,16,3,0,first measured request start through last streamed token,140,99.28571428571429,74883.0,364.5407142857143
ep,decode,16,3,1,first measured request start through last streamed token,140,99.28571428571429,74883.0,332.10364285714286
ep,decode,4,1,0,first measured request start through last streamed token,86,100.0,74883.0,300.92732558139534
ep,decode,4,1,1,first measured request start through last streamed token,86,100.0,74883.0,271.2151162790698
ep,decode,4,2,0,first measured request start through last streamed token,86,100.0,74883.0,303.47186046511627
ep,decode,4,2,1,first measured request start through last streamed token,86,100.0,74883.0,274.0753488372093
ep,decode,4,3,0,first measured request start through last streamed token,86,100.0,74883.0,302.3205813953488
ep,decode,4,3,1,first measured request start through last streamed token,86,100.0,74883.0,275.3625581395349
ep,intermediate,1,1,0,first measured request start through last streamed token,162,99.01851851851852,74883.0,255.99969135802468
ep,intermediate,1,1,1,first measured request start through last streamed token,162,99.14814814814815,74883.0,230.90666666666667
ep,intermediate,1,2,0,first measured request start through last streamed token,162,99.38271604938272,74883.0,255.36753086419753
ep,intermediate,1,2,1,first measured request start through last streamed token,162,99.5,74883.0,227.88401234567903
ep,intermediate,1,3,0,first measured request start through last streamed token,161,99.19254658385093,75305.0,257.6062111801242
ep,intermediate,1,3,1,first measured request start through last streamed token,161,99.68944099378882,75305.0,231.37888198757764
ep,intermediate,16,1,0,first measured request start through last streamed token,213,99.53051643192488,74885.0,385.0894366197183
ep,intermediate,16,1,1,first measured request start through last streamed token,213,99.53051643192488,74885.0,366.63455399061036
ep,intermediate,16,2,0,first measured request start through last streamed token,213,100.0,74885.0,386.23032863849767
ep,intermediate,16,2,1,first measured request start through last streamed token,213,100.0,74885.0,368.1138028169014
ep,intermediate,16,3,0,first measured request start through last streamed token,212,99.99056603773585,75307.0,385.16306603773586
ep,intermediate,16,3,1,first measured request start through last streamed token,212,100.0,75307.0,368.42014150943396
ep,intermediate,4,1,0,first measured request start through last streamed token,73,99.68493150684931,74883.0,342.7553424657534
ep,intermediate,4,1,1,first measured request start through last streamed token,73,100.0,74883.0,316.1350684931507
ep,intermediate,4,2,0,first measured request start through last streamed token,73,98.63013698630137,74883.0,342.1927397260274
ep,intermediate,4,2,1,first measured request start through last streamed token,73,99.3972602739726,74883.0,316.3131506849315
ep,intermediate,4,3,0,first measured request start through last streamed token,73,98.89041095890411,74883.0,338.6460273972603
ep,intermediate,4,3,1,first measured request start through last streamed token,73,98.63013698630137,74883.0,316.71438356164384
ep,prefill,1,1,0,first measured request start through last streamed token,202,98.55445544554455,74885.0,367.90940594059407
ep,prefill,1,1,1,first measured request start through last streamed token,202,98.81683168316832,74885.0,359.0889603960396
ep,prefill,1,2,0,first measured request start through last streamed token,202,99.27227722772277,74885.0,367.345
ep,prefill,1,2,1,first measured request start through last streamed token,202,99.33168316831683,74885.0,356.8680198019802
ep,prefill,1,3,0,first measured request start through last streamed token,202,98.9059405940594,74885.0,368.98638613861385
ep,prefill,1,3,1,first measured request start through last streamed token,202,99.37128712871286,74885.0,359.14133663366334
ep,prefill,16,1,0,first measured request start through last streamed token,745,99.99865771812081,75307.0,392.8193154362416
ep,prefill,16,1,1,first measured request start through last streamed token,745,99.95704697986577,75307.0,386.69944966442955
ep,prefill,16,2,0,first measured request start through last streamed token,745,99.96644295302013,75307.0,392.8666979865772
ep,prefill,16,2,1,first measured request start through last streamed token,745,100.0,75307.0,387.3571812080537
ep,prefill,16,3,0,first measured request start through last streamed token,745,99.86577181208054,75307.0,393.2580402684564
ep,prefill,16,3,1,first measured request start through last streamed token,745,99.86442953020135,75307.0,386.32625503355706
ep,prefill,4,1,0,first measured request start through last streamed token,185,100.0,74885.0,393.17945945945945
ep,prefill,4,1,1,first measured request start through last streamed token,185,100.0,74885.0,385.69054054054055
ep,prefill,4,2,0,first measured request start through last streamed token,186,99.46236559139786,74885.0,391.77435483870966
ep,prefill,4,2,1,first measured request start through last streamed token,186,99.46236559139786,74885.0,384.95693548387095
ep,prefill,4,3,0,first measured request start through last streamed token,185,100.0,74885.0,393.0678918918919
ep,prefill,4,3,1,first measured request start through last streamed token,185,100.0,74885.0,386.87535135135136
