mode,profile,concurrency,rep,num_prompts,duration,completed,failed,total_input_tokens,total_output_tokens,request_throughput,output_throughput,mean_ttft_ms,median_ttft_ms,p95_ttft_ms,p99_ttft_ms,mean_tpot_ms,median_tpot_ms,p95_tpot_ms,p99_tpot_ms,mean_itl_ms,p95_itl_ms,p99_itl_ms,mean_e2el_ms,p95_e2el_ms,p99_e2el_ms,preemptions
tp,decode,1,1,16,246.3936756644398,16,0,15488,16384,0.06493673166266728,66.4952132225713,234.5466882106848,231.50133807212114,247.26899107918143,267.4973296932876,14.820694429403897,14.816545735214376,14.835496718256952,14.866757843022546,14.820694942462039,14.960495615378022,15.531176775693892,15396.117089490872,15437.88075284101,15448.131599696353,0.0
tp,decode,1,2,16,246.33719921205193,16,0,15488,16384,0.06495161937043412,66.51045823532453,232.64374514110386,230.19187850877643,245.74658065102994,264.3747966270893,14.818916730625958,14.818473023072047,14.827350208686914,14.829820055398047,14.818917201180557,15.258255368098617,18.373535173013803,15392.395560571458,15412.862554425374,15435.028055356815,0.0
tp,decode,1,3,16,246.26391230337322,16,0,15488,16384,0.06497094864752069,66.53025141506119,232.62622073525563,229.96590519323945,243.2775618508458,266.7009199038148,14.816274829591212,14.815894426197133,14.82564143090894,14.82848791594008,14.816275269932452,16.0511186812073,18.938879230991006,15389.675371407066,15407.766040647402,15435.81551690586,0.0
tp,decode,16,1,64,136.88438257668167,64,0,61952,65536,0.46754785896884654,478.76900758409886,1555.0023298565065,1716.0256928764284,2546.357446582987,2852.8348294831812,31.919842755522932,31.83378010554892,33.16884154311853,33.40143510551972,31.919843266674963,33.725018007680774,36.509450413286686,34209.00146875647,34880.758057394996,35209.7364080511,0.0
tp,decode,16,2,64,135.39269661344588,64,0,61952,65536,0.47269905689760927,484.0438342631519,1553.7413519923575,1584.6531647257507,2610.3811660781503,2888.444407423958,31.55532442050076,31.523444303352374,32.7190761610079,32.934593717746964,31.555324682051168,33.102522836998105,35.90593404136599,33834.838234164636,34468.34272919223,35149.59359718487,0.0
tp,decode,16,3,64,136.5503222439438,64,0,61952,65536,0.4686916804609627,479.9402807920258,1542.0920077594928,1720.190454274416,2484.9538252688944,2856.5415537450463,31.847293568652837,31.77743456312769,33.04514555244152,33.36825436432705,31.84729378600696,33.47073243930936,36.132184267044074,34121.87332849135,34758.14755856991,35236.91881106235,0.0
tp,decode,4,1,16,81.6977533698082,16,0,15488,16384,0.19584381871035486,200.54407035940338,641.5238886256702,756.6875065676868,808.8571513071656,809.0474182739854,19.334153448541503,19.268306477936687,19.754735089953215,19.755932035012023,19.334153766094737,20.949800917878747,23.510869024321433,20420.36286648363,20471.69161704369,20471.78454720415,0.0
tp,decode,4,2,16,81.91745609138161,16,0,15488,16384,0.19531856533913206,200.00621090727122,643.4396037948318,755.4883295670152,820.2707867603749,820.6774403806776,19.385796743454197,19.345069398788528,19.83355082100838,19.8444411287381,19.385797012131206,20.720112090930343,23.638846687972546,20475.10967234848,20562.850275775418,20563.14863297157,0.0
tp,decode,4,3,16,81.81205723434687,16,0,15488,16384,0.19557019516290536,200.2638798468151,643.4541930793785,757.0691131986678,816.3298610597849,816.6551258414984,19.36056062338814,19.269456143763176,19.799378044850478,19.89934089792053,19.360561030500367,20.981509145349264,24.01852610521018,20449.307710805442,20644.48523079045,20644.625104079023,0.0
tp,intermediate,1,1,16,153.0998547160998,16,0,130176,8192,0.10450695743421538,53.507562206318276,1689.6072024246678,1686.8758164346218,1708.8547407183796,1710.1850588340312,15.414757593357187,15.415337551822574,15.423870621314691,15.424984917974138,15.414758588013344,17.159403767436743,20.253221038728952,9566.548332630191,9586.032874882221,9587.50564455986,0.0
tp,intermediate,1,2,16,153.25151910074055,16,0,130176,8192,0.1044035327929267,53.45460878997847,1699.6739904861897,1698.6343343742192,1710.0321571342647,1717.891804035753,15.414370716993247,15.415255447809535,15.423047558154817,15.424420063360182,15.414371842872935,15.51746390759945,15.648497035726905,9576.417426869739,9586.230099434033,9596.411950932816,0.0
tp,intermediate,1,3,16,153.24521738663316,16,0,130176,8192,0.1044078260506654,53.456806937940684,1697.6544512435794,1698.164002969861,1703.0497000087053,1707.1640884969383,15.41856006017946,15.413043084654614,15.444657330195293,15.485851162745675,15.418561172162214,15.522559871897101,15.768192708492279,9576.538641995285,9592.592705274,9607.066278951243,0.0
tp,intermediate,16,1,64,206.66447191499174,64,0,520704,32768,0.3096807080915457,158.5565225428714,7516.594963162788,4631.546702701598,22214.33526747859,26745.233890907835,82.06289400474839,86.2680752260461,89.10787209071977,117.35237614333687,82.06289464039087,787.1072281617671,979.8117289040238,49450.733799589216,66670.12785430996,77717.96735433857,4.0
tp,intermediate,16,2,64,206.58325141575187,64,0,520704,32768,0.30980246250069443,158.61886080035555,7520.685339841293,4629.500694572926,22237.32367260381,26769.480270883065,81.98908686815236,86.24452784103423,89.07817858644923,117.02176122078689,81.98908751660962,787.5268301926553,979.5468220952898,49417.108729467145,66652.98662274143,77655.38370927791,4.0
tp,intermediate,16,3,64,206.71643460262567,64,0,520704,32768,0.3096028630864703,158.51666590027278,7522.229853886529,4630.956065841019,22240.881092846383,26774.86311507411,82.07238038339213,86.33702454465184,89.10127754392441,117.34685168313608,82.0723811215245,787.1080323122442,980.724219949916,49461.2162297999,66734.4350639265,77784.07815492708,4.0
tp,intermediate,4,1,16,69.79767948202789,16,0,130176,8192,0.2292339819709883,117.367798769146,3902.836460794788,4203.981176484376,5471.546788932756,6471.178138488903,26.481834847850035,25.896347773037196,30.715745863725235,30.775275185463656,26.4818357643644,21.97528863325715,22.686440497636795,17435.054068046156,17912.225941196084,18907.478780671954,0.0
tp,intermediate,4,2,16,69.91219778358936,16,0,130176,8192,0.22885848975206605,117.17554675305782,3899.8410790227354,4195.77829586342,5474.010162521154,6471.998889837414,26.54374354321203,25.93416779405946,30.773092988503045,30.798303499478852,26.54374425913209,22.033945424482226,22.865935461595654,17463.694029604085,17931.712896563113,18939.86957538873,0.0
tp,intermediate,4,3,16,69.89595028199255,16,0,130176,8192,0.228911688523421,117.20278452399155,3907.2943527135067,4209.6344395540655,5496.172819286585,6493.770819157361,26.520987691033316,25.923231117237805,30.73725309095358,30.78128639189435,26.520988502181563,21.992956520989537,23.098501143977046,17459.519062831532,17926.607948495075,18931.611075391993,0.0
tp,prefill,1,1,16,196.14118164870888,16,0,523392,2048,0.08157389419961884,10.441458457551212,10119.551353505813,10114.450176712126,10154.285105876625,10158.198690228164,16.823116065677635,16.823256135309542,16.836153246154346,16.83725229625803,16.82312014938046,17.113621486350894,17.621729094535112,12256.087093846872,12289.963763440028,12293.550874339417,0.0
tp,prefill,1,2,16,196.15629515610635,16,0,523392,2048,0.08156760907044446,10.44065396101689,10124.39494143473,10127.414660993963,10142.131844069809,10143.822551053017,16.79768784734325,16.808901741132726,16.829216058959993,16.834782236659034,16.822528080283096,17.12366510182619,18.01591064780951,12257.701298047323,12276.883074315265,12278.524079406634,0.0
tp,prefill,1,3,16,196.19773557130247,16,0,523392,2048,0.08155038055566781,10.43844871112548,10126.619136251975,10124.482319224626,10155.767519259825,10178.231404768303,16.797980362839084,16.815150090617927,16.836455779326126,16.842799744840093,16.814534187665565,17.132350709289312,18.3410013653338,12259.962642332539,12292.062994092703,12316.880090534687,0.0
tp,prefill,16,1,64,726.8940505804494,64,0,2093568,8192,0.08804584374970993,11.269867999962871,134803.9417526452,148862.04769648612,148963.9978879597,171252.67396160398,255.9709824421388,259.7630748481262,273.70082818734363,273.7994080952801,255.97098617418945,1537.2461821883917,1808.6675027944145,167312.25652279682,181960.60855523683,204244.94765317065,0.0
tp,prefill,16,2,64,728.8866199944168,64,0,2093568,8192,0.08780515136975656,11.23905937532884,135159.70278234454,149197.7425487712,149645.50597951747,171694.42118322474,256.669078332988,260.5971777041655,274.78847974383336,275.0850781800563,256.66908184687446,1541.5552673861384,1812.8618063312024,167756.67573063402,182695.4853451345,204863.2159476075,0.0
tp,prefill,16,3,64,730.3015481755137,64,0,2093568,8192,0.08763503262438498,11.217284175921277,135446.27937713813,149568.4127546847,149647.43037610315,172144.41910488528,257.1490829932874,260.9579034963637,274.9730008404966,275.15415195955006,257.14908673542124,1544.6218457538635,1816.1322094313798,168104.21291728562,182788.68863373064,205296.7420915514,0.0
tp,prefill,4,1,16,181.0587795479223,16,0,523392,2048,0.08836909229118685,11.311243813271917,18741.194597270805,18245.417698752135,33627.04923353158,40042.81910057179,208.36895561316894,213.63197253855665,272.8184232154611,272.9419220315923,208.36895899975482,1408.9779689442364,1799.9934840388598,45204.05196014326,60743.66934597492,67099.98880401254,0.0
tp,prefill,4,2,16,181.31037370301783,16,0,523392,2048,0.0882464674978147,11.295547839720282,18978.709229268134,18314.796267077327,33684.43745234981,40115.52554862573,206.9909198298559,213.5189083940166,273.11037698628627,273.2220390899561,206.99092329114924,1408.5884090978645,1796.8095602281392,45266.55604765983,60889.60918714292,67258.55566547251,0.0
tp,prefill,4,3,16,180.99915386456996,16,0,523392,2048,0.08839820329752354,11.314970022083013,18729.07671838766,18240.921009797603,33595.75620992109,40007.46559863909,208.35591364728916,213.66504558882727,272.70446490408403,272.94018741139746,208.35591692937626,1407.993365311995,1795.9247232880443,45190.277751593385,60712.64379960485,67067.01941662468,0.0
pp,decode,1,1,16,283.6078620040789,16,0,15488,16384,0.05641592545050773,57.76990766131991,386.7353266105056,385.1787941530347,398.54473271407187,417.39845206029713,16.9473966942756,16.946360523487467,16.958265074183718,16.963227555239513,16.947397245740554,17.265857802703977,17.63439377769828,17723.92214485444,17744.94860577397,17755.381437158212,0.0
pp,decode,1,2,16,283.520071785897,16,0,15488,16384,0.05643339428921476,57.787795752155915,382.6707911211997,380.8379857800901,393.70104018598795,412.28041145950556,16.945711926275816,16.945531090606778,16.951436885629843,16.95184563081766,16.945712385279922,17.24940720014274,17.58683162741363,17718.13409170136,17730.538426199928,17743.606741400436,0.0
pp,decode,1,3,16,283.547744336538,16,0,15488,16384,0.05642788673010874,57.78215601163135,384.11452510626987,381.07648910954595,402.45059435255826,420.00835747458035,16.94601348503188,16.946630580632977,16.95194371242189,16.952408423814795,16.9460140103233,17.02995956875384,17.23702870309353,17719.88632029388,17740.322922822088,17751.712271850556,0.0
pp,decode,16,1,64,213.10692809242755,64,0,61952,65536,0.3003187206201118,307.52636991499446,2641.346644901205,2611.485139001161,4080.317065212876,4804.9685053527355,49.47926642488197,49.37992925379691,51.092162327103516,51.87633204372201,49.47926673980362,51.622193073853836,53.27016313560307,53258.63619755546,53945.24149787612,55108.22734975256,0.0
pp,decode,16,2,64,213.65200662892312,64,0,61952,65536,0.2995525340941778,306.7417949124381,2638.8353337388253,2606.660802848637,4074.368010414764,4798.712512506172,49.61420659782439,49.555933869053284,51.80019210679921,52.194416522351574,49.61420691093951,51.66290495544672,53.01557658240199,53394.16868331318,54589.41731839441,54875.16362882219,0.0
pp,decode,16,3,64,213.2790161948651,64,0,61952,65536,0.3000764029290419,307.2782365993389,2640.4724073654506,2609.4387476332486,4082.8304328024387,4805.959878591821,49.521837169013736,49.33026550658128,51.27729731575492,51.91294820082509,49.52183749079172,51.7072475515306,53.49147705361248,53301.3118312665,54054.59116147831,54632.999229002744,0.0
pp,decode,4,1,16,115.79500631149858,16,0,15488,16384,0.13817521592389412,141.49142110606758,1069.8061737348326,1271.7047524638474,1324.2320539429784,1324.85655490309,27.247506967073857,27.256475851660774,28.110254835656033,28.169528725452334,27.24750741720172,28.86617574840784,29.443141389638186,28944.00580105139,29258.447671309114,29258.492240682244,0.0
pp,decode,4,2,16,115.90314414259046,16,0,15488,16384,0.13804629821185796,141.35940936894255,1065.9861291060224,1272.2583040595055,1310.1766128093004,1310.663878545165,27.277245679355882,27.220637088264624,28.058417744111573,28.081556896470627,27.27724605818932,28.910975996404883,29.529636008664966,28970.60845908709,29158.084844239056,29158.153090812266,0.0
pp,decode,4,3,16,115.4974913103506,16,0,15488,16384,0.13853114746022296,141.85589499926832,1070.7363191177137,1271.4742021635175,1327.1321870852262,1327.569684991613,27.17432349543374,27.14905376752742,27.9957388021518,28.030931229592973,27.174323893271435,28.691032715141773,29.283020310103893,28870.06925494643,29109.71967317164,29109.85989458859,0.0
pp,intermediate,1,1,16,182.5862702280283,16,0,130176,8192,0.08762980907610372,44.866462246965106,2275.741738965735,2273.3614882454276,2290.6414561439306,2295.423725852743,17.87423687759667,17.875956456175118,17.887059813310664,17.887688962352662,17.874237953242343,18.04502378217876,18.431413918733597,11409.476783417631,11424.431920284405,11431.954759405926,0.0
pp,intermediate,1,2,16,182.64243116416037,16,0,130176,8192,0.08760286368296906,44.85266620568016,2281.106423586607,2280.920507386327,2297.824784182012,2302.3777132853866,17.87059032381011,17.868359607813876,17.885890712782945,17.8919781812279,17.870591659055123,18.187421141192317,19.048870308324695,11412.978079053573,11429.887652164325,11437.156310630962,0.0
pp,intermediate,1,3,16,182.3999676592648,16,0,130176,8192,0.08771931379883278,44.912288665002386,2265.493845450692,2262.0367761701345,2287.0344987604767,2290.6103890854865,17.872072498741467,17.875103506855595,17.884569702334627,17.889857902455848,17.87207348428488,19.294120371341705,22.354410495609045,11398.122892307583,11415.6622774899,11417.49186590314,0.0
pp,intermediate,16,1,64,339.1736139394343,64,0,520704,32768,0.1886939236123137,96.61128888950462,18163.8765756652,11195.129483006895,40817.610610229895,75231.92078698426,124.60855745117875,134.44346413034546,135.06461630070513,138.0859234306502,124.60855963527601,64.03622520156205,1708.137595364824,81838.84943321755,111006.04966422543,144950.60347689316,0.0
pp,intermediate,16,2,64,339.51794445700943,64,0,520704,32768,0.18850255500443464,96.51330816227053,18181.924897551653,11200.593538116664,40817.27427095175,75613.25089280492,124.78297556787042,134.49143811899972,135.18238672904613,138.216266885141,124.78297629298865,65.06635178811847,1709.4720355141908,81946.02541273343,111066.20367420837,145348.61712065525,0.0
pp,intermediate,16,3,64,339.4864308517426,64,0,520704,32768,0.1885200531857177,96.52226723108747,18177.618570785853,11197.726161684841,40838.395981211215,75266.81050050071,124.76040757257343,134.94336945341934,135.105816493405,138.21785345376486,124.76040828943324,64.4029876217246,1708.4368479810655,81930.18684037088,111235.46712147072,145277.84519290552,0.0
pp,intermediate,4,1,16,107.83297658152878,16,0,130176,8192,0.14837761608020672,75.96933943306584,6105.657429608982,6631.286101881415,8860.06535938941,10592.40611339919,40.77430444686635,40.076945213065166,47.188225260128334,47.30079395399445,40.77430540427416,31.97423368692398,33.14579930156469,26941.32700195769,28488.558745011687,30232.09603913128,0.0
pp,intermediate,4,2,16,107.8888641493395,16,0,130176,8192,0.14830075491250738,75.92998651520378,6365.215500060003,6638.0461300723255,10472.844664473087,10912.24546963349,40.28509679061786,40.19050185300716,47.22194283163638,47.55007991168116,40.28509753797688,32.065349631011486,33.52228342555463,26950.899960065726,28784.91744073108,29721.82298609987,0.0
pp,intermediate,4,3,16,107.85681396815926,16,0,130176,8192,0.14834482320906872,75.95254948304319,6097.282154601999,6625.827261712402,8826.489829458296,10564.325013197957,40.80219495913502,40.12896749874442,47.18678867136385,47.336713444175466,40.80219585844908,32.0387443061918,33.50899484939873,26947.203778719995,28524.38860316761,30267.759381840006,0.0
pp,prefill,1,1,16,214.34498069342226,16,0,523392,2048,0.07464602132617609,9.55469072975054,10821.376783889718,10823.364068288356,10838.432924123481,10841.380940610543,20.26158834415246,20.26339781683261,20.275227663173215,20.27686550905268,20.26159235635611,20.569718442857265,21.316094212234027,13394.59850359708,13412.762742489576,13415.00964909792,0.0
pp,prefill,1,2,16,214.56817076262087,16,0,523392,2048,0.07456837583660522,9.544752107085468,10835.546098300256,10829.701285343617,10877.764758653939,10888.634976185858,20.262737413794977,20.267991107103864,20.277266786617087,20.279281364944506,20.262741156960068,20.570446038618684,21.208234028890733,13408.913749852218,13447.994873858988,13454.348982311785,0.0
pp,prefill,1,3,16,214.2347632246092,16,0,523392,2048,0.07468442450315681,9.559606336404071,10814.46977989981,10811.558714602143,10834.100001491606,10838.347485102713,20.266100041949606,20.27099723671013,20.276824039898404,20.276963390688607,20.266104246192707,20.55912264622748,21.101693417876962,13388.26448522741,13408.691636519507,13413.344252714887,0.0
pp,prefill,16,1,64,1289.4609647570178,64,0,2093568,8192,0.049633142645818654,6.353042258664788,253538.1536048808,283902.55417395383,288435.2482441813,299888.47508654924,306.84384648556596,305.0869103029781,330.60275076807835,330.8166265082875,306.8438497360284,2478.5534569527954,3240.9142148401525,292507.32210854767,330349.92686910555,340098.7138529773,0.0
pp,prefill,16,2,64,1289.830927286297,64,0,2093568,8192,0.0496189063590303,6.351220013955879,253609.67006048304,283928.1595731154,288583.19594627246,299876.2263175472,306.9246056349627,305.1545432783429,330.5862006115338,330.8549280134653,306.92460892254974,2478.469935618341,3231.1344767641276,292589.0949761233,330542.8548060823,340135.80449366936,0.0
pp,prefill,16,3,64,1289.3323294222355,64,0,2093568,8192,0.0496380944924255,6.353676095030464,253512.95289129484,283848.4541531652,288418.2837150991,299748.49190041417,306.802089197981,304.9290562965211,330.5559974435101,330.63136927739487,306.80209257562944,2478.6852351855487,3238.011568058275,292476.8182194384,330364.1353667248,339997.24961139256,0.0
pp,prefill,4,1,16,316.98468628712,16,0,523392,2048,0.050475624508584116,6.460879937098767,40893.194109841716,40869.52799279243,53859.886325430125,67757.04141547902,287.32052381062425,305.03048241417116,330.481000547114,330.50012889054176,287.3205276321634,2476.751988939941,3031.7525658849627,77382.900633791,93719.72012147307,109308.30712988971,0.0
pp,prefill,4,2,16,317.1297897081822,16,0,523392,2048,0.05045252927743857,6.457923747512137,40912.88994526258,40888.450264930725,53885.75643277727,67781.23115519992,287.4408251116434,305.13656905698264,330.63572023694553,330.70957251259773,287.44082892355766,2478.2695893663913,3041.7764281854033,77417.87473444128,93760.91523910873,109329.74982946178,0.0
pp,prefill,4,3,16,317.08710999414325,16,0,523392,2048,0.05045932015431194,6.458792979751928,40904.87978718011,40878.88996861875,53879.51979669742,67780.37187657319,287.42655342963604,305.0636237919859,330.5424828481985,330.73430660943404,287.4265575995045,2478.0910319648683,3031.566071296111,77408.05207274389,93765.61739458703,109332.58711430243,0.0
ep,decode,1,1,16,261.8740463331342,16,0,15488,16384,0.06109807452872265,62.564428317411995,241.55151355080307,238.96717187017202,251.18629378266633,270.76131724752486,15.761289299139797,15.762851876229455,15.770196350234928,15.770562112564448,15.761289788357265,15.88184298016131,15.947877215221524,16365.350466570817,16383.038327330723,16403.335692035034,0.0
ep,decode,1,2,16,261.9082240052521,16,0,15488,16384,0.061090101545185335,62.55626398226978,239.65566873084754,237.66176542267203,249.58827230148017,274.86737198196346,15.764487499723035,15.76206142734645,15.781924657010178,15.796580323758274,15.764488001116884,15.882916236296296,15.955788297578692,16366.726380947512,16403.260094113648,16407.870263792574,0.0
ep,decode,1,3,16,261.92969897110015,16,0,15488,16384,0.06108509291939953,62.55113514946512,240.2761986013502,238.2170814089477,251.2934294063598,272.2048501018435,15.765598009660007,15.764610918797734,15.7763273992329,15.779081484501342,15.76559849699981,15.886251255869864,15.952472509816289,16368.48296248354,16388.294209260494,16406.7859002389,0.0
ep,decode,16,1,64,140.14594031963497,64,0,61952,65536,0.45666681356615335,467.62681709174103,1569.0754195966292,1788.0252972245216,2574.3204344063997,2949.9296766147017,32.69893210689946,32.6339918127755,33.82768514593435,34.071006310752296,32.698932409516715,33.50185831077397,34.41499930806458,35020.08296495478,35586.42770620063,35892.509817928076,0.0
ep,decode,16,2,64,140.58152659609914,64,0,61952,65536,0.4552518495824605,466.17789397243956,1571.5891111904057,1792.716310825199,2575.325968209654,2958.4449223056436,32.80288024704718,32.63115736438309,33.80778762648466,34.105648077953376,32.80288054939416,33.61941650509834,34.310254668816924,35128.93560391967,35653.46186212264,36123.56204768643,0.0
ep,decode,16,3,64,140.30093817133456,64,0,61952,65536,0.4561623096336222,467.11020506482913,1601.572252184269,1770.2420777641237,2643.764269677921,2943.486529411748,32.70901089153737,32.69808605915975,33.917160829909704,34.19275464090398,32.70901117837937,33.682883717119694,34.31023177690804,35062.890394227,35773.11805631034,36008.74101408757,0.0
ep,decode,4,1,16,85.85523423086852,16,0,15488,16384,0.18636021604664538,190.83286123176487,664.1747816465795,783.3179160952568,843.3302671182901,843.7023191247135,20.328422022320215,20.276504218257884,20.793605171588275,20.84009855118956,20.328422398934592,21.19346195831895,21.48941021412611,21460.15051048016,21596.397755900398,21596.41676438041,0.0
ep,decode,4,2,16,86.14941500127316,16,0,15488,16384,0.1857238380523367,190.18121016559277,662.9790250444785,782.6354149729013,837.2751490678638,837.3407329898328,20.40102276648372,20.361496478807133,20.904384460345725,20.988234021415966,20.401023128645754,21.37342384085059,21.657067444175482,21533.225315157324,21757.60830612853,21757.6298029162,0.0
ep,decode,4,3,16,86.11047663912177,16,0,15488,16384,0.1858078206564109,190.26720835216477,667.791634448804,784.0650975704193,860.0333766080439,860.5511580593884,20.386981295002034,20.41163027900128,20.91457714956665,20.922214112118002,20.38698167320958,21.344279777258635,21.63843602873385,21523.673499235883,21670.64932989888,21670.769317960367,0.0
ep,intermediate,1,1,16,161.92325891461223,16,0,130176,8192,0.09881224048508903,50.591867128365585,1773.1146902078763,1769.3705665878952,1793.9707215409726,1826.594836032018,16.33330948246231,16.331119776326148,16.346354944241433,16.349056182855673,16.333310386104923,16.46903483197093,16.531585715711117,10119.435835746117,10146.183739881963,10176.464626844972,0.0
ep,intermediate,1,2,16,161.92766835726798,16,0,130176,8192,0.09880954973487614,50.590489464256585,1774.3367507937364,1770.8947733044624,1795.5870300065726,1814.5021439995617,16.331443791833586,16.329718741848918,16.343270478598818,16.344287428173825,16.331445002233984,16.47478179074824,16.556754475459456,10119.704528420698,10146.367290290073,10164.287775242701,0.0
ep,intermediate,1,3,16,162.0255118496716,16,0,130176,8192,0.09874988091285841,50.55993902738351,1775.5397358560003,1772.4351999349892,1797.7088319603354,1834.3784764874727,16.338301170184486,16.331725642668292,16.371836827943966,16.422839785803934,16.338302189445052,16.47526165470481,16.56474289484322,10124.411633820273,10181.955215521157,10192.301159538329,0.0
ep,intermediate,16,1,64,213.5951828053221,64,0,520704,32768,0.2996322255934572,153.4116995038501,7781.96141164517,4817.047841381282,23151.82773862033,27845.207612924274,84.78139800561429,88.87143611794961,92.00773075571075,122.18790387222633,84.781398647237,826.9338293932378,1014.9355470016599,51105.25579251407,68948.20068674162,80513.11059979718,4.0
ep,intermediate,16,2,64,213.5890185534954,64,0,520704,32768,0.2996408730815465,153.41612701775182,7782.121806565556,4815.915927756578,23162.66460935584,27866.1618677061,84.7545468234245,89.09403088861629,92.00174780234461,121.98939897362398,84.75454749941936,821.2199043016881,1013.229516921565,51091.695233335486,69071.27637071534,80580.7471714075,4.0
ep,intermediate,16,3,64,213.36137271486223,64,0,520704,32768,0.29996057480156024,153.57981429839884,7785.4326662636595,4838.136023376137,23188.92003055661,27866.630458561696,84.63482777549909,88.95114036240486,91.86820030693555,121.8188131609731,84.63482846154643,825.1896368805319,1013.3070743456483,51033.8296595437,69006.02400121278,80542.53121682437,4.0
ep,intermediate,4,1,16,72.96363823581487,16,0,130176,8192,0.2192873105955708,112.27510302493225,3870.1530559919775,3985.587072558701,5766.421661479399,6808.195877959952,28.09355340997366,27.837784193572816,32.13493674064015,32.16415005380656,28.09355433184176,22.993517108261585,23.948080372065306,18225.958848488517,19554.434621240944,20595.945562701672,0.0
ep,intermediate,4,2,16,72.98094090633094,16,0,130176,8192,0.21923532091118922,112.24848430652888,3872.2900560242124,3993.5877695679665,5757.249520160258,6800.924752838909,28.098290789678305,27.79986983649943,32.14538758784649,32.15810501157013,28.09829159239726,22.986228112131357,23.59378058463335,18230.516649549827,19551.618869649246,20593.568787584078,0.0
ep,intermediate,4,3,16,72.98033732175827,16,0,130176,8192,0.21923713409899215,112.24941265868398,3878.9889285108075,4005.533274728805,5782.146924175322,6826.313685066998,28.085810330754725,27.789225564894146,32.12694057587848,32.18098760914211,28.085811138485692,23.001714842393994,24.19046498835087,18230.838007526472,19543.9146917779,20584.12920036353,0.0
ep,prefill,1,1,16,202.36725800298154,16,0,523392,2048,0.07906417351251686,10.120214209602159,10392.049993388355,10393.637728877366,10419.90383900702,10429.434040561318,17.74157547138954,17.745720215259105,17.765793709201724,17.766303262915315,17.74158068257934,18.0995661765337,19.3093469273299,12645.230078254826,12672.184707131237,12681.164721678942,0.0
ep,prefill,1,2,16,202.32856699917465,16,0,523392,2048,0.07907929284185197,10.122149483757052,10391.03926368989,10382.790898438543,10434.509046608582,10438.804908888415,17.74059568979139,17.74125225387338,17.765713697959352,17.768871057485267,17.74060004253278,18.131073657423258,19.241361776366833,12644.094916293398,12685.97263772972,12691.885813931003,0.0
ep,prefill,1,3,16,202.23308205325156,16,0,523392,2048,0.07911663036311198,10.126928686478333,10385.997970879544,10389.220830053091,10407.922029029578,10408.267894294113,17.736342932211276,17.738718048148737,17.752637556849383,17.75415347573736,17.745081218833526,18.10256252065301,18.915732577443123,12638.513523270376,12656.305516604334,12660.285312402993,0.0
ep,prefill,16,1,64,746.6597449509427,64,0,2093568,8192,0.08571508030636492,10.97153027921471,138442.99076066818,152852.2073123604,153126.34066427127,175952.9930969793,263.0110309043566,266.84318871538005,280.98686707726733,281.6016826580652,263.14053260150365,1572.311095893383,1840.6187006738035,171845.39168552146,186986.43771451898,209834.1147408541,0.0
ep,prefill,16,2,64,746.4003168791533,64,0,2093568,8192,0.08574487249361926,10.975343679183265,138414.19680898252,152844.48578674346,152978.37656759657,175853.21053913792,262.94349292790474,266.8376446584254,281.0172979037945,281.206390472041,262.94349587758944,1572.2333799581975,1839.7590063419188,171808.02041082643,186838.6696721427,209765.9560998529,0.0
ep,prefill,16,3,64,746.5078965118155,64,0,2093568,8192,0.08573251575643183,10.973762016823274,138434.44733128126,152873.07693669572,152957.00361290947,175887.67911695872,262.96352064014707,266.89162450717896,281.06575509621285,281.1589976687601,262.96352394148397,1572.3610347602516,1840.9462959412485,171830.81445257994,186833.11973093078,209805.1313026901,0.0
ep,prefill,4,1,16,185.686670769006,16,0,523392,2048,0.08616665877920758,11.02933232373857,18954.568967805244,18624.810271896422,34505.02858357504,41073.7362020649,215.78111416911415,219.92212113755662,279.65469074831526,280.07087944566797,215.7811194843444,1439.260204648599,1828.1891817692672,46358.77046728274,62346.11626225524,68850.9027031716,0.0
ep,prefill,4,2,16,185.85822874028236,16,0,523392,2048,0.0860871219339895,11.019151607550656,19435.606619517785,18743.44634078443,34542.77349286713,41125.60525019653,212.33061689096982,218.96322636945746,279.8347697615272,280.1233844802253,212.33062121071157,1442.5064943730827,1832.377116400749,46401.59496467095,62422.878954792395,68935.57664160617,0.0
ep,prefill,4,3,16,185.66341528762132,16,0,523392,2048,0.08617745168165482,11.030713815251817,18958.455829531886,18627.638381905854,34524.61597369984,41097.590191010386,215.70177154027027,219.55074829702068,279.7285133155106,279.82084178292433,215.7017752655606,1439.9208613205699,1832.1326259057976,46352.58081514621,62364.64907741174,68870.59173313901,0.0
