batch,context,layer,layer_index,min_cosine,max_absolute_error,expert_overlap,passed
1,128,dense_full,0,0.99999,0.00781,,True
1,128,moe_swa,1,0.999995,0.01562,1.0,True
1,128,moe_full,4,0.999996,0.00391,1.0,True
2,128,dense_full,0,0.99999,0.00781,,True
2,128,moe_swa,1,0.999995,0.01562,1.0,True
2,128,moe_full,4,0.999996,0.00781,1.0,True
4,128,dense_full,0,0.999991,0.00391,,True
4,128,moe_swa,1,0.999995,0.01562,1.0,True
4,128,moe_full,4,0.999995,0.00391,1.0,True
8,128,dense_full,0,0.99999,0.00781,,True
8,128,moe_swa,1,0.999994,0.01562,1.0,True
8,128,moe_full,4,0.999995,0.00781,1.0,True
1,1024,dense_full,0,0.999992,0.00391,,True
1,1024,moe_swa,1,0.999996,0.00391,1.0,True
1,1024,moe_full,4,0.999995,0.00781,1.0,True
2,1024,dense_full,0,0.999992,0.00391,,True
2,1024,moe_swa,1,0.999996,0.00391,1.0,True
2,1024,moe_full,4,0.999995,0.00781,1.0,True
4,1024,dense_full,0,0.999992,0.00391,,True
4,1024,moe_swa,1,0.999996,0.00391,1.0,True
4,1024,moe_full,4,0.999995,0.00781,1.0,True
8,1024,dense_full,0,0.999992,0.00391,,True
8,1024,moe_swa,1,0.999994,0.00391,1.0,True
8,1024,moe_full,4,0.999993,0.00391,1.0,True
1,4096,dense_full,0,0.999991,0.00781,,True
1,4096,moe_swa,1,0.999996,0.00781,1.0,True
1,4096,moe_full,4,0.999995,0.00391,1.0,True
2,4096,dense_full,0,0.999991,0.00781,,True
2,4096,moe_swa,1,0.999996,0.00781,1.0,True
2,4096,moe_full,4,0.999996,0.00391,1.0,True
4,4096,dense_full,0,0.99999,0.00781,,True
4,4096,moe_swa,1,0.999996,0.00781,1.0,True
4,4096,moe_full,4,0.999996,0.00391,1.0,True
8,4096,dense_full,0,0.999989,0.00781,,True
8,4096,moe_swa,1,0.999996,0.00781,1.0,True
8,4096,moe_full,4,0.999996,0.00391,1.0,True
1,8192,dense_full,0,0.999991,0.00781,,True
1,8192,moe_swa,1,0.999995,0.00391,1.0,True
1,8192,moe_full,4,0.999995,0.00781,1.0,True
2,8192,dense_full,0,0.999991,0.00781,,True
2,8192,moe_swa,1,0.999992,0.00391,1.0,True
2,8192,moe_full,4,0.996137,0.11914,0.938,True
4,8192,dense_full,0,0.99999,0.00781,,True
4,8192,moe_swa,1,0.999995,0.00781,1.0,True
4,8192,moe_full,4,0.999995,0.00391,1.0,True
8,8192,dense_full,0,0.999991,0.00781,,True
8,8192,moe_swa,1,0.999995,0.00781,1.0,True
8,8192,moe_full,4,0.999994,0.00391,1.0,True
