engine,context,batch,rep,tpot_ms,decode_tok_s
megakernel,1024,1,1,3.2575302547729645,306.98103218989
vllm,1024,1,1,5.105254154674228,195.8766340916501
megakernel,1024,1,2,3.257736461619808,306.9616010322643
vllm,1024,1,2,5.103778104988563,195.93328303645774
megakernel,1024,1,3,3.2586110919830618,306.8792107349759
vllm,1024,1,3,5.102945469800973,195.9652529931899
megakernel,1024,2,1,3.919430959189708,510.27815538138077
vllm,1024,2,1,6.031375039376158,331.5993429264292
megakernel,1024,2,2,3.935481157379841,508.1970717226244
vllm,1024,2,2,6.080073278958667,328.94340384373453
megakernel,1024,2,3,3.9383703059063033,507.8242635032658
vllm,1024,2,3,6.086326202417773,328.60545647479535
megakernel,1024,4,1,5.056712390042098,791.0277847474531
vllm,1024,4,1,8.23928523032312,485.4790055427092
megakernel,1024,4,2,4.924781933980912,812.2187040201858
vllm,1024,4,2,8.206980196310758,487.38999051052906
megakernel,1024,4,3,4.987143432090893,802.0623538238549
vllm,1024,4,3,8.226120859063768,486.25592408999063
megakernel,1024,8,1,7.193192978136227,1112.1625715195005
vllm,1024,8,1,9.706572439510616,824.1838249139304
megakernel,1024,8,2,6.976569424986606,1146.6953903372585
vllm,1024,8,2,9.852169489819708,812.0038950067228
megakernel,1024,8,3,6.881602728145229,1162.51988323601
vllm,1024,8,3,9.786299073981182,817.4693967068295
megakernel,8192,1,1,3.3811435446055667,295.75792533134137
vllm,8192,1,1,5.218848728241285,191.61314153226908
megakernel,8192,1,2,3.3811493585370993,295.75741677163404
vllm,8192,1,2,5.257502110736944,190.20439344337802
megakernel,8192,1,3,3.3858534524585404,295.34650983605883
vllm,8192,1,3,5.253356278175944,190.35449854301854
megakernel,8192,2,1,4.219959728755129,473.9381720569148
vllm,8192,2,1,6.277989597951013,318.5733217291014
megakernel,8192,2,2,4.21362033810051,474.651211908094
vllm,8192,2,2,6.269245413943046,319.0176596934493
megakernel,8192,2,3,4.20919263010039,475.1505040890228
vllm,8192,2,3,6.267471834944303,319.10793581057607
megakernel,8192,4,1,5.7318906852002245,697.850014887413
vllm,8192,4,1,8.568415050112337,466.8307938639781
megakernel,8192,4,2,5.702050275182071,701.5020574984806
vllm,8192,4,2,8.510757144722803,469.9934367743354
megakernel,8192,4,3,5.701233853391005,701.6025132210394
vllm,8192,4,3,8.486297503733413,471.34807591181703
megakernel,8192,8,1,8.031495961628549,996.0784439438152
vllm,8192,8,1,10.197226513530731,784.5270465831837
megakernel,8192,8,2,8.018050379249214,997.7487820111571
vllm,8192,8,2,10.227573928450564,782.1991858446501
megakernel,8192,8,3,7.960198665814157,1005.0000428201339
vllm,8192,8,3,10.214547316840834,783.1967244216798
megakernel,32768,1,1,3.5968175642702676,278.02355335830964
vllm,32768,1,1,5.403454625093307,185.066789560157
megakernel,32768,1,2,3.5965128121952255,278.04711180484406
vllm,32768,1,2,5.415983512676858,184.6386713806203
megakernel,32768,1,3,3.6006502099991313,277.7276163130107
vllm,32768,1,3,5.411977309245186,184.7753497213888
megakernel,32768,2,1,4.666991163693996,428.541629896074
vllm,32768,2,1,6.712691225986307,297.943095052184
megakernel,32768,2,2,4.658432877868589,429.32892937057335
vllm,32768,2,2,6.719122411147373,297.6579198321936
megakernel,32768,2,3,4.668120396872089,428.43796431217066
vllm,32768,2,3,6.708777048524812,298.1169273526206
megakernel,32768,4,1,6.657808494194613,600.7982962393506
vllm,32768,4,1,9.34406866204657,428.07904614903657
megakernel,32768,4,2,6.669745221005027,599.7230579966983
vllm,32768,4,2,9.370831676089951,426.8564561036945
megakernel,32768,4,3,6.674783975031745,599.2703306897623
vllm,32768,4,3,9.32764067221615,428.8329858068645
megakernel,32768,8,1,9.913895738451448,806.9481676079843
vllm,32768,8,1,11.799567952249088,677.9909258012399
megakernel,32768,8,2,9.889876601193283,808.9079694922325
vllm,32768,8,2,11.842515760642675,675.5321387527418
megakernel,32768,8,3,9.893898365548912,808.5791570142293
vllm,32768,8,3,11.827780212660242,676.3737452135731
